,Track ID,Subgenre
0,2XHG1C3ksw9EAclBFDYZ2M,Black
1,4iUIdBdb4Y3KgJb6bT1itj,Black
2,1eD8fNbyfyXWrTLokilmEM,Black
3,2Ay41NELpdSnfvMYFJbcjs,Black
4,038PaU9vPDq2itJcSQrawe,Black
5,3Jai674s9zQJJxsgsyRBHz,Black
6,5jaOMHW3VFTt8BVK59bPRb,Black
7,3lqNJQbW3hVmkHcScJrmr3,Black
8,67Ic74Fny1HzKpJCyfc0Za,Black
9,1OBorgkhbKJspVDmIyOmOl,Black
10,4szkPDUBjYfL12BWA9LjNX,Black
11,4jVCGqtXDPSJh3D18PY5oD,Black
12,5wHOilOuvmCoMaVtL73rlF,Black
13,5AvnS4qNJ1mVVkjRYOS25b,Black
14,6f44ixCGJ9xYexBFRtWp2n,Black
15,62kdQaoGTQxcN0djfRBDvY,Black
16,0ciYpsZB4hPUrN1SpanfO5,Black
17,6bQAb5ff7doAnC4TNDWih1,Black
18,3Fhymhy1F2ra5Jtdk6nnSM,Black
19,674QaybNcrrxlkpbxwkVWA,Black
20,6OA39FHUGgP8FbJNvM25LB,Black
21,6PiQgN4XOfxXwIUv8d8Wnb,Black
22,2A1vEHcdAdUf0ZXvP8HFq3,Black
23,7gwdff4cNluJxgjzM1zYHc,Black
24,0mHU7xLKE0TiobVXAjZUAS,Black
25,3EsDeNYYRNXCFXZphUaDJk,Black
26,5SRgkC7CZupaFJKSEq8Egs,Black
27,2LoDIcurPJnJmW5mdHw2UQ,Black
28,0mzi3sSasRJ4Itmc3T0Rcq,Black
29,5MjbosFcAXBwsbgP9cSjpJ,Black
30,2Z8QM1v78goE9eVGLgYQEf,Black
31,2Ubf3k17X68mfuK63Zo4r1,Black
32,4KD6X2akKuApIUAwIWq6BH,Black
33,3kgPpS9ON7G2r3i7EwTWak,Black
34,0PKHbG4MFj0DhpEcjjqEsn,Black
35,0rgGUY2CmJ7mxiHE8Lvu5Z,Black
36,3G2NgSMQPWZjGNBz5UWL1I,Black
37,15LlkIedsa2BLJPqZmHpUZ,Black
38,3druCbaR7Owqs1tZxxJ8bC,Black
39,2jNKNa8IZWGjiNyCwdfSd2,Black
40,5icdS3uc0xEvR4jQesB6Xu,Black
41,19NF8RRJgzgYXpECbN1skt,Black
42,0uOQc0e4Yv2pwRz1hbSiyC,Black
43,7DnSXYlHejRlmY1L5cs99y,Black
44,4DBQSmkjb2L6ZbzXskK4gU,Black
45,6W776zZFFAEchy9Lg058PS,Black
46,5vpjkWS7SMLvrTl6KGmCc6,Black
47,5X299jPuRoxmG3q0R89lSQ,Black
48,607kAQ8PuebGlrxONH25S7,Black
49,4JkDElSbxG60hUV2IciUp1,Black
50,7o51R3KyQMjPG6MTEEg1ME,Black
51,1KqbYqBEfAUSEstrSgKB2Y,Black
52,32DNMFYPr4pG6NVS7WISfs,Black
53,7t4iWHylZycyQbD7llEA96,Black
54,7vDMCmRELxZoFHvi016XNs,Black
55,5aX9BYCLdvEyDa6xWiVTTf,Black
56,5VU1Q9jHw5ta7vDc85GZ2K,Black
57,5UTYzRMcJUGraLzkIvdj4i,Black
58,002AP4cYPQgMO0G9RZHIOz,Black
59,5u3N6EB6zIUq8hP8Lsj4ZR,Black
60,3Q0guHJbLeoFXTyLnWt4Lj,Black
61,61pnJSKoqXApH0jM0nR80j,Black
62,1zxAhvX8H6bdeOo5SJpLGq,Black
63,1kpNXqsgWqMPhSQAeFofpB,Black
64,25SfLKrkAPW8pFdUvYMYwC,Black
65,5MWKmoubtS6H1FKVOgwTYE,Black
66,6xoGpq5tOrjzp5tDwqiap4,Black
67,46k793or7N6QRPxzFTlEum,Black
68,1q2WBjWSk3JQfUKZfUJdnV,Black
69,6rmUDoyOOvc7V9YG21ib37,Black
70,4uPVu6KmbNR27GT36SdRTs,Black
71,4hCG4RW8WGf2VzyhHgZrun,Black
72,6ijhxZtoN3frgQ8o4K120Q,Black
73,1BXRZDArwqHiFhiCOB6OJz,Black
74,3k0G5ZmLtXDADF9X7JN0Vg,Black
75,6vANGJftj4eFCMtC46NO9u,Black
76,5J1U5k1amyjdqNkCbcLJEF,Black
77,5iVCsRps1Gfl0BdM5pggtN,Black
78,5z02dJS13wT3Vt959YyeP8,Black
79,0XMCVESP63bjyC83YIXsEX,Black
80,1kRl5b0PEZBGzWzWPJIwoP,Black
81,7kxlml22UiZnbw2x4pVLRV,Black
82,0TtHuvZXspV6xLWRptoPIk,Black
83,36lLZgpMAGGKNNHwf4zv47,Black
84,0QKyR7h2eZFpslGwDC8SAF,Black
85,5MSmHMrSUEhYnvl08lMxMZ,Black
86,7sCpOWGQholvitME6V8Y0d,Black
87,7nq6j5f7ONJOypALGvpyCR,Black
88,3YjuWHZk4pvtdlmOCyH1vO,Black
89,62tAgoFX4cILwRTx5rbhWC,Black
90,7xf0tfPrS5dyTgus4k5CWy,Black
91,3VTMtfzfj4N74Verh51TIN,Black
92,5lrkl1MPG2myhoITvNPXvs,Black
93,2zPGWGCSeW956nb7OvuR4v,Black
94,307PKgPD9YcvUNlmqirwqW,Black
95,65kEeU2Ga9GdG6HpQcibiY,Black
96,3wpuw0yjH48o5yJImyq9fy,Black
97,3J4KCGsvGLlkID581Ra0EJ,Black
98,4zeKqxhhb4b8MCtdXReAcq,Black
99,0rlRL6s3IsSqnYKyfDICI5,Black
100,6KYOlIwDHbrbeBbJEtQ0Fj,Death
101,0kdqcbwei4MDWFEX5f33yG,Death
102,3khEEPRyBeOUabbmOPJzAG,Death
103,0GWNtMohuYUEHVZ40tcnHF,Death
104,7ovUcF5uHTBRzUpB6ZOmvt,Death
105,0qMip0B2D4ePEjBJvAtYre,Death
106,12usPU2WnqgCHAW1EK2dfd,Death
107,6y4GYuZszeXNOXuBFsJlos,Death
108,2VBLFxCUyFp5BfmsZpxcis,Death
109,2XpV9sHBexcNrz0Gyf3l18,Death
110,7v8wKvNQQIxkugCFFjrkaO,Death
111,38kcwx5znepLWCIBID0Bwm,Death
112,2vjY3jGKElvqXoaGNEuYef,Death
113,3BSPKTravgBDjmuG1rIXvw,Death
114,0OGw7V8wAI6OsZIQ12JkTP,Death
115,5SuOikwiRyPMVoIQDJUgSV,Death
116,1tjOClAkdMxDfYPO0xvGbG,Death
117,5IzZpz0vA73IIjqFPpXSXP,Death
118,7ywfu5Bo7wKZW2WMwLpSOg,Death
119,6rsbsdiGDrYvhbb1K7ziTL,Death
120,7nF9c1EmRF3BNAtKDCwUAK,Death
121,27iksNpaur1CcH0w8703by,Death
122,7pcTLUekZJQnzDOUDuExVJ,Death
123,7qKXSF8MilgyiL52oq1AA0,Death
124,1dsh4buvcBs2u7YtHy29c7,Death
125,3RFL9hE5cBocBsjD5XLJLQ,Death
126,5s0AxcVJJD2YYPstMb61ro,Death
127,6VBQ4DF4fwPJNA96RbMQWT,Death
128,2qEIVphvwMEkE35CXxdWAT,Death
129,66lF1QWtLZXJofJ3x388RV,Death
130,2TVFbLCdzrX0RdhWNWJmdp,Death
131,5QSt0jnVuPdQsC9plgW3lz,Death
132,6zSXcvXQ8T74fXm72OpSOb,Death
133,4UPR9dSw2YcvJQAGJKPwCk,Death
134,46fpycbDAktlUgSCY1fMJd,Death
135,7EUSByOz1UUx78lLDxfxRQ,Death
136,2HYPqSwitksTpCFzYmP7Po,Death
137,2ZCkl705ROXLgLtXXKhBp2,Death
138,3Zj9WSEjueL8UecCOC67tT,Death
139,4m1slXE2kaXbXVfZQ0q3Om,Death
140,70CbcDczLupouV8PYWjk5Z,Death
141,5BbAbnlNW3JfGGwG0Hkei9,Death
142,2X7iYoVNlL7aXjqViBO77q,Death
143,15KSigoWpLB88TzCRiWc9I,Death
144,2Y9VShrN7eDx8BXzDXI4fZ,Death
145,1iGJUdyHTLPb90RQmOBXzF,Death
146,2NjxUGJaBS11zkUv86MOQP,Death
147,0i4FFEupAyk8bfnTZrH1Vr,Death
148,6C0UN76mCgUIVFOotOnx3W,Death
149,2pCNTrsuKNerjXXSJK2kzP,Death
150,0xkupRB0jicKmpRgzq5yv7,Death
151,4e4S6dOAX0c0iTVA1uGRWc,Death
152,3N3NMIUjbDugrQtW1ET9W1,Death
153,3AAvbpyyti6U6lTUynTkKc,Death
154,3CspfYGpqAqgbRqUuxmW0r,Death
155,3Jxmh2qvNUgNERc85hStvr,Death
156,2dXrd5rdHpNDfK5g32xq6K,Death
157,5EgnghAlKcFSpDGypc0gMm,Death
158,17gTWzVZpQysR6X7XdLUHa,Death
159,044hhTpsrKGZsc7IZQeWwk,Death
160,05q4D6SuXq90ZISvEmFJqu,Death
161,622HA8kt28HhO1lHXLD1Z0,Death
162,2yvlI8mpxVk1i7KYyyLDOV,Death
163,1Y0D7PbPHiTXUiV0pTxFa7,Death
164,1Xhy1gBPc2441AMBp8ztgY,Death
165,68LQO4WzR0CLjt2knfsbhQ,Death
166,4LKWPJSN8cMTXhwLmNsPdt,Death
167,5ANQlY29MsqgCtFRNtOkP4,Death
168,2YFb0CQIH0WlVppx1FEYPy,Death
169,7vtnUosBgdZoXzgVI23M3A,Death
170,40tLJfk4S75x8R2OprJsiN,Death
171,6ew42s7W9E4E4Lnfb5eLhr,Death
172,5sqkarfxe7UejHTlCtHCLS,Death
173,1g0SlTCGN9j3OicWHfSKEn,Death
174,21z1GxeHjfD3qkaF5CgCTO,Death
175,23DbzwNJSLo7nkSWjODMvY,Death
176,5sjoJa0YmBCCPMrBPsBMge,Death
177,0jXK4Xy4LAEKFgRiTr3M7w,Death
178,3mScGCzxiXA9OaHdBeuk7O,Death
179,5aHfGUxRec6c41luxkDqhX,Death
180,5orAKrVdrk1kPtTa7zNvYL,Death
181,7CFwSQV0rl9oGcvOfEDJCa,Death
182,4e6kJJb0fyjao3vlkWGURi,Death
183,3WyjKo1AkVRPquVnSb7k64,Death
184,1y3Ml1b1c4v3ZdpbWLKD1F,Death
185,1f6HC5dTviPmopQjYi4uVT,Death
186,3gHGMXEUhVHl4cxOXX3Rmq,Death
187,2iscENxaM7EI43TVSyNUjz,Death
188,1hi0P1Y2he1p09xnUccuAN,Death
189,3n4aPc7MOIAsFM3KBKNNF2,Death
190,4n5f6vydWvNsCcQH6p1Bmw,Death
191,2NSTW0OgQoTG3wnshWErKM,Death
192,6wZcefZGc6vrd3zLCQoOYe,Death
193,1j3HRo5MyZSzScAM6EPWyF,Death
194,13sxKGMd5RDQYavHyZ8Flw,Death
195,0GSs0GV34KX7KCpLw9tWjk,Death
196,49u6NxoLP5S6kfTYLmUfkQ,Death
197,052C0m9kD30nZqcPWPPRqm,Death
198,0ekGJQiqn1DzeZ3w5AsBoH,Death
199,1htJGL473Dub5QGKecXi9R,Death
200,5clz8BOBulxx7q2yHxqOCk,Doom
201,7As8h8LJTMIritB8QwSmqr,Doom
202,3ex9yveBIpssnR6sVvhwiR,Doom
203,1Yb9Nq9PTEegiOUGwyGHuP,Doom
204,0v3WyEt2g04WFpfVwcnfXm,Doom
205,6qLgGLeawKyhMFJ848XtYD,Doom
206,6DU1WKdUnR7OZkw7BZl9P0,Doom
207,79EACeCkWN8sh9xHQW1VAU,Doom
208,7lwCPihf6s0609Q5uBjXrF,Doom
209,3bZG5LMoqBiXDwSSi2p2VN,Doom
210,6MbVyEVkHqDoxr8atiQKsT,Doom
211,6zIcwUvXpw1cTJWYGYdpX4,Doom
212,1Z1GPw6RpIN7HvRysZ6RjC,Doom
213,0T7zraoBpNHSqwyr40UrNN,Doom
214,2qnQQ6Y03msuPO2fsQTqXl,Doom
215,13QzE0EC55URX49joq09YU,Doom
216,3wxS2bVpxqDZl5V7uFwH3e,Doom
217,5dhP2Un3i6cYt3cvhqtqPj,Doom
218,7rmLLDnpptvTIU1Dt3Wfh8,Doom
219,11Q5n9PmpRQbbblwHygugt,Doom
220,2SV69wiCCKzoFLDs6NWM5N,Doom
221,5Fxdoyj9qajKHdbipx8j51,Doom
222,6bLJbZK0ggPuCNIyeYwSFX,Doom
223,2kTzaShMd1VElpQaw1Mw8E,Doom
224,46Sb2PT09iFk7z9sgE5BgO,Doom
225,5a6ERom7WAMP857YzPx8VN,Doom
226,79UmAmAsebSrMePH3VEvpt,Doom
227,7emF3lKU8NmkrlmDXUTYER,Doom
228,2BiEmhDluMGJyfG0Dd061S,Doom
229,25kfwFO8eRG9uxFcnsHKhn,Doom
230,0Jl3rJ8cngPViIqvjq5t94,Doom
231,6gC5qqgdCVkvJEhwNY2H12,Doom
232,1t1EtAkntXl3i9M8q3bkDL,Doom
233,5N4723h6DlwmmbpuNA895G,Doom
234,4pW8JZSz6klHCA1If2uqXF,Doom
235,1dtpTvZuCJmTBGyxRrEqyu,Doom
236,3MFnMeC4sw77jnZAVRECOa,Doom
237,2L4VYvRp9JiGJgXjad3tKs,Doom
238,30wMYS96rFLF5K90yKwBwQ,Doom
239,61nr2PHTwA6vFI2sKIc58V,Doom
240,3BRI4uNeClpV9lLQ8rB4z3,Doom
241,2KeNSHFAoULjXHjE5cMJE5,Doom
242,4wx6zDKTkMo7H0hwr1shxM,Doom
243,16QxxfhNKihCf4H7HuilSS,Doom
244,39SSSnwlBXvqjp3VCP0oKU,Doom
245,01hcpzoATSVzWfG6PnLJGF,Doom
246,6FxXgRvIY51rPqolR0tSDS,Doom
247,21DkSYSuueAXLXrWFB8mDG,Doom
248,7c0eOH5buYrhRHldGrV92k,Doom
249,7nKYINLBZEibCoZEFt8y81,Doom
250,3tyZRTPscByh1p3aMn32gn,Doom
251,40kTnmiHudaWYDR0aj5dv6,Doom
252,2HhJF5PAHMFJ0UliX7B3XB,Doom
253,3WOI7uOvhCaHpqDZBG3vza,Doom
254,1JjpkiYcrXMpxIillo0qTa,Doom
255,2IGV86yleBgcU2F2iVBFed,Doom
256,1LHwKqcTb1HRaz9Wq4MjYL,Doom
257,7g0oIMiUqPKudJsPjkpc2E,Doom
258,50odyJlu1z2K54MsWn4O4K,Doom
259,32v8beBvMq16P6XzSUgEpv,Doom
260,69VMu4ZCXkMeLWD2FDOlbc,Doom
261,3y6hNt4qXLGaXJbXGvIX5T,Doom
262,0hCCNPzydDz6Y2VGfLARmR,Doom
263,5BT9XMLXsAS9kDvVb6cKZb,Doom
264,7ammcACZ5WPe7fMlFxwZHz,Doom
265,78UZs3EqEHjC49qYQuV172,Doom
266,22bRUgPsDNU6P3zAgY6u0L,Doom
267,6EYaZUcrAryDiDOLgrNBA4,Doom
268,0uXdbzWbfTQ5znCWxWRViG,Doom
269,51haPNIwhHxS3QMvzszUdZ,Doom
270,2HEDrmVcHAA0mPVRRpwfm0,Doom
271,4S9ciPvfpL7tNALoSHthJQ,Doom
272,2uz7Ae3179lapLPgEfPX5F,Doom
273,6d5zpd2g2CyAR5H6nXBcph,Doom
274,7ttIFbjtbS3QBaT5Mh57bg,Doom
275,4E5LbhPZS9pKOuSL16Uehv,Doom
276,4oBC6JxBmd0RoxbFIjjLK1,Doom
277,5oI2oCs94QY6zploFTlQiv,Doom
278,7fSXdZNXWPLmd7Sq6DMfMf,Doom
279,6AaMcOrSpx8USnlUAp5zss,Doom
280,3frbppwWY3Ym1x9F3xRV7V,Doom
281,0CSeLEX22Z6J5kKHdLDcrW,Doom
282,49jwB2AUBVffANJajX1Ouf,Doom
283,5EBaNMzBzBF6M4h3rmRSk4,Doom
284,7a226DSesa8P67myderUCU,Doom
285,1y1Sl0FRg9vy1VaZTGLEF2,Doom
286,4JPoK5TVekjZfWQa99Ppup,Doom
287,7IFWlNFgjDlV51bMzj07ep,Doom
288,0JiAHJqW17Un2miHheRubf,Doom
289,1syfyKVZaBtEyKXIBaZYcp,Doom
290,5fBjx2cU3i1xAVCUFK9qiW,Doom
291,6qmIAYQ36jyhTK9Bkej25q,Doom
292,2xtLKfyrLyE5eNvXsxstTs,Doom
293,3kpDahJIKLkA9sncSt04wU,Doom
294,36EvGADpvBiw1wNUUcH2AU,Doom
295,1jru0pLG3jn402KCrX4TRd,Doom
296,5rJrVoeh9CvMzAMwsTECe9,Doom
297,0nqMcdcXoIjmJPYxtIHIwT,Doom
298,19PPT6PoEJ31Qex6eXAe9Q,Doom
299,2DWOARvdT7nynYZlXmGx72,Doom
300,3F0Gn9oPVjNlfyIYaL1lo8,Sludge
301,5JSk2ijn31XVo0x0wHyWTc,Sludge
302,6raRCdd8RoWvtBpzhJ1CJb,Sludge
303,4Dgro3nLadAhwTIgNsNt57,Sludge
304,2ieCJQNZ3RZEZytdfiCzMz,Sludge
305,1DpS9HFKWFZmptmOseTeer,Sludge
306,0SElYK9iouvepQe6zONE7q,Sludge
307,3X6cqWlADU8SVxAhfTIjYT,Sludge
308,2z3LS0Vl8ntnqlKlLTMw9g,Sludge
309,70E3VFgZfLEEZTPXWCtiQR,Sludge
310,7jrHexuVOcJL4XMwrtg6BD,Sludge
311,7up6lmFT6F3k9ld2hsXeht,Sludge
312,4KvmNZADnsLCWDWhCxUAZz,Sludge
313,55rwgxxKmOKwux5LVXWvHU,Sludge
314,4kQBHtVXwDubDqBHaphEWa,Sludge
315,2KYQTOhhOjLiHtiJkgkqWh,Sludge
316,2lIQB6Z7qUR0L545z2omVf,Sludge
317,124UH6sR5zlkWFLciKrfig,Sludge
318,0KsQfPkp1A5Ubtnp0TYH8v,Sludge
319,4Ek4nuARvGIHRBfD5mkS66,Sludge
320,3jHZe8pDJHezOSRiNkR7kZ,Sludge
321,27OmWMokezZgoeVZgFhSdy,Sludge
322,1Sb2dgS6ruZnJYNQ3SxLHd,Sludge
323,3N8cK1O5u0RawDBbP4a0hc,Sludge
324,6REn6PCS3uBTAqdSXJwN3R,Sludge
325,3iv5b1acAmMRdWCtfDXaC5,Sludge
326,0tAub59hpIfAEDe1FBYgeA,Sludge
327,5V8cJCOnOfGRqNP3xZeE6p,Sludge
328,2ksuk4UuCf5AusZXJKqIOl,Sludge
329,1wcAxYlWOtGChf8GLPCGFk,Sludge
330,4QsTTWFyeDh2Httfrr88vf,Sludge
331,3CELOTRqfgTG7ZDyjBjuBv,Sludge
332,377p54QO8xTrxonrZFPbG9,Sludge
333,5u5AyqNqSd9n7SE4GILBPz,Sludge
334,0reCqFoZjSU9LdeDeGfs8K,Sludge
335,6Sh8S7fLrKdTVFeU4xEQdj,Sludge
336,2KC8OM6JqHRdu6MZ3HgY3s,Sludge
337,7fkPHqwCPfKQ0qxCbUBYoI,Sludge
338,2zizdx6KUTxRe65J8DSOrV,Sludge
339,0cZiRSOfk8xe0LaXztdmut,Sludge
340,14jIV6a4a48troin1BrZCJ,Sludge
341,711kCbBI261Yt5adbDgN6T,Sludge
342,4nmq1On6tpN1B6ECTksgyG,Sludge
343,6nZIrtlOheKi622axCpDpl,Sludge
344,1TAhxRV2XmNQwDIzDEOKl7,Sludge
345,5d7g3L3Z5GE88itTLcQ9FU,Sludge
346,3yRDpr0Sj0ZknoXqSsI74R,Sludge
347,2sJveA0JUlXaG2Ebp0CRP2,Sludge
348,3WET6uaUFaApEf3RJetbpg,Sludge
349,7IEep4XjDABuQQFh6Le1rn,Sludge
350,2W6QZrAESwMr8FsCeoFgPB,Sludge
351,2rRjf5aiXFU4LooKpPISBA,Sludge
352,2zrbzchcE3LbQFrRV9eLIy,Sludge
353,6hK0ETi0LX2yvy7afH9koA,Sludge
354,5HpHZ3fq7M7GuaBm1budCF,Sludge
355,6OcoB5mhEHwXeGUOuQanh1,Sludge
356,0xdBGB6w03okoD9nS5qqeu,Sludge
357,5H4iFWiACPWlWd20pvJTxm,Sludge
358,1zfFPFXwX4pMCXsOcrxxs9,Sludge
359,6ImsM5mzL47hHAo9V2E8jI,Sludge
360,3wsvI7T9TpCtATJcdZJw0e,Sludge
361,5evZBqWmveajmlpmN9kPCJ,Sludge
362,5FJdt2ncEVZiF6rsw6Gvy0,Sludge
363,1tVcW54BiJb5url5LM7OxE,Sludge
364,7Mv1iplhoP9OvqOFBJp7Eh,Sludge
365,2Zg6WSBu2S1MSDtE2mRInb,Sludge
366,6A4dA0uEl1l58CBzSnUImt,Sludge
367,2GDVWXnjtRQOgAZ6VqosXr,Sludge
368,08AwwIky3S9UbdVsEwSnQ7,Sludge
369,45aND8JvZA7mJCrrZUjZAy,Sludge
370,7ADTK0j8P3ugyXRuCE1J7U,Sludge
371,5Llbxr24uToZwTyex5cm3H,Sludge
372,7heAAFDYWY8RpBOnFdPXK7,Sludge
373,2XLB9HTxVEY7LdnV24y8XN,Sludge
374,5koN9LJJRqa8niVeuQ1D6k,Sludge
375,3RWgBDToDYSdsFO4NsXVCa,Sludge
376,6cHv5JoPriX24hfflepUJp,Sludge
377,28R63Y3FnmL5UHEEd1kCHc,Sludge
378,6FVDwgqzZbeOu7N455ryjP,Sludge
379,1zENvzwyXs70R8vjoyH1Qo,Sludge
380,5xTM6a0L1URboTdbDlZdes,Sludge
381,3hDqbEaR4APJzfkZnTy5ut,Sludge
382,6OqpSJJM0Fafw0eiFyS4ct,Sludge
383,5qhrAVUgozuhUYN3Qy6nkF,Sludge
384,23zUwrH7QLEElgpZ1lRQ5c,Sludge
385,60uLsricHlJnKr15cm5lX1,Sludge
386,0YNl5kVvLuB2eO6yMdCjS6,Sludge
387,5O80jxqnu8RV9NKNaTqQg7,Sludge
388,71qKhFqm8ZKxaJHC63efkW,Sludge
389,4N6Ybkc3ElERrcSWZos2eP,Sludge
390,3P5cMELYChCceOzwQrE7pP,Sludge
391,6WId5nO3XPtdVmhZHheSBn,Sludge
392,2irfmQEHUFPuCkrKOX3j0W,Sludge
393,5M6HtvPOtWIwg4YoQQ3pg0,Sludge
394,2xT4ey8UyTHqBrc2U0OeCo,Sludge
395,3Q0BWSA3BDiiPFOGk0fX99,Sludge
396,7ETONpx5SK4O3bRziwLgh3,Sludge
397,2Wi4vSUAwL3YSlLjPemRHV,Sludge
398,2RVof2zUycSR5sTvvjwgy2,Sludge
399,7iKU9QVFru4eMAmYri2sJA,Sludge
400,6Nm8h73ycDG2saCnZV8poF,Industrial
401,2aIB1CdRRG7YLBu9hNw9nR,Industrial
402,7j43FohbLVulScL7S9sQZk,Industrial
403,5KTBaWu8IOczQ0sPWzZ7MY,Industrial
404,0UuNO0yYvsMPlyLF7RfQlg,Industrial
405,5bU4KX47KqtDKKaLM4QCzh,Industrial
406,6O7pihLJgeqxUnG7u9oYL2,Industrial
407,3d3k8g4GTVx9EFIFlOZOEX,Industrial
408,3ckd4YA4LcD3j50rfIVwUe,Industrial
409,5267gVdYWrLoz6ClOhlqmE,Industrial
410,1d3iQh4fTm5D6iRtgrZPZ9,Industrial
411,4qjvr0qMFUo26SxwC4VygS,Industrial
412,1T8IRUJBga0JXioJZvxjBR,Industrial
413,1YVuJrfHHmD4ilULhAVqPW,Industrial
414,4xzPvogI6M8kJ1kPr7IrkO,Industrial
415,4kF5GADt85FeD8Y26RRyLY,Industrial
416,5YeQoMo5py82YmqXMTjM5S,Industrial
417,0XfNjyJcb7d2ZAscVM4K7J,Industrial
418,2yY4ojg6wfEFBGVZoJuXqK,Industrial
419,6uOzYMGucTA0MAFwS2FNB2,Industrial
420,0ypg59NyOVCpWVzd0SUsT5,Industrial
421,3aN2V18W3EiW7eg5tHALpF,Industrial
422,7AbeYC9dss7l0YtQz9fWy0,Industrial
423,0BX3ysoHJvxmLEhPMAfb2z,Industrial
424,14tKBoKXxGakkoEmYuFfor,Industrial
425,6gcFq5UOdNa8LzTRd4lldD,Industrial
426,2D9LxUcR9zWxQtxiHsMA0n,Industrial
427,6hvBZMTNAJTCei1BxEATzK,Industrial
428,5QlaYAjyS0zuoA9zGk4c3R,Industrial
429,0Vcpo9El50PNNbZXfKbNti,Industrial
430,13ZS2V2RsGWguOYYvIqDN5,Industrial
431,20yvxFLMl0n4nvrDaqZ6ol,Industrial
432,6KCthSzW230fnf6IygPaI0,Industrial
433,512No5uXtXbhNh7OOz03pF,Industrial
434,0jHmidMFTjOSkzuHrNepY7,Industrial
435,1mTCbTpcM1nKkH0wGf70Zq,Industrial
436,7Kx1m2vb4QPgHKVKvpvrFv,Industrial
437,2GGFfHz2laYuGNDtqJRvAK,Industrial
438,3vnKDiO4TOYH4xsLZwV01D,Industrial
439,5SSgOEhCl3C20ioDkt96fr,Industrial
440,3bPM4JJvL7VwcnMh9Yl2Oz,Industrial
441,4YhqUU66bIqBapat2XD1Cg,Industrial
442,2JUo8iX8FC05xd9GEpw9BI,Industrial
443,0ogtgveW3JxxtPE4YVJPaj,Industrial
444,3GwzYHGrRn7wMfRtvbjg2U,Industrial
445,2mPYdoSr3T9VLi94oV7ob5,Industrial
446,0PAR95bj6egxPtdzMkgFEU,Industrial
447,5FwLDsdAgRVc3lZjam3euf,Industrial
448,4GtKwWPKlVWrhmCmOGFb51,Industrial
449,7cborWFwmCpfEL1Qwnvwt0,Industrial
450,5mf3p8pyhLHoS4EWeD354I,Industrial
451,7brFX4c6J3FbsHuIEw2uHi,Industrial
452,0VTDOr2TTKXeTAeXTfSLQH,Industrial
453,3ncucOcYMOd7VQ1jyAA6BU,Industrial
454,110q5eExcmrgf0fsE610ON,Industrial
455,4ibsb2epoSHZzDCeoZEluQ,Industrial
456,3BIQ9Y3WCwRWZju6jHXHuA,Industrial
457,1NGBpjIrZIe0RagRFmyXfg,Industrial
458,0Z4kAZhiliHgkMxOEtg896,Industrial
459,1u9wZPcZ72MtBdmsmh0FdT,Industrial
460,5H8EzvO3WV2jtoYrowmwVd,Industrial
461,00YeAWckFwAyrvzvHlYMOk,Industrial
462,3LxT4mhYd4JkagpE43Nv9m,Industrial
463,1sVdAZGlSHDGUfOqLnJpeS,Industrial
464,1LkYAkYzqq7TbJTGfx3ixY,Industrial
465,3U3DKA3ou2kJdurTeXDVTz,Industrial
466,2pCEaJskwTTp7omAyUKvR0,Industrial
467,40Nz6mf4yuDeOW0sscIS63,Industrial
468,3AbsnquyVPrryreclU5fvx,Industrial
469,1SruLf1FO8Aihdgfhgxyr9,Industrial
470,6S4Q0HDqHDsdcmfFNvyc8y,Industrial
471,0aRyEPEkEpzUTztEtasDVj,Industrial
472,2Vlfc5hZxy1XY6XtsOF0aD,Industrial
473,0HzbDl381rdXtSOaJk20eH,Industrial
474,010zNby24HBoMyMZClgViJ,Industrial
475,3Lq6gNTGCu9SOChMq8ZZfY,Industrial
476,4D4wh1GyvA4gSxBN7e7ysN,Industrial
477,3C5jj2rhMP5Qw7AiKyMoWQ,Industrial
478,0jXfVK691dITawcnze17h2,Industrial
479,0nuPTlaHKknCMqwkiIgqSf,Industrial
480,0HCxCQXakzMJfjcek0Qn7E,Industrial
481,7k2SHJ8HKjjW3sZcDj2eAz,Industrial
482,07wrYgD0lODxw5G39OQjce,Industrial
483,3YwmrqN6NMxPL5HyjojEOi,Industrial
484,3juffqyuhqPTonmbbi4tDs,Industrial
485,6N09DiGe5l8xB8YfCSn2Gx,Industrial
486,0qGbzBx02qt7MwtAgNjRDj,Industrial
487,1XwC7lFWY9R8s2qO8iiXxx,Industrial
488,3NDXaUSkdIu36ORI7TpB7J,Industrial
489,6pBabkxMdp7dXLgJXnsFGp,Industrial
490,3rx6ENPfEGYiQVPP1jsVtx,Industrial
491,5ovhDF3buYTpIgwgqhIwxf,Industrial
492,0cSd01K5jeFTDLSrD95dEb,Industrial
493,3YlXqeGh10AADlm9tt7bbK,Industrial
494,4D1ucjSLckZ74e0rUfdFMg,Industrial
495,5C5RpCYrAcY5bXXWnlR8mS,Industrial
496,1hffzLWNeFthnUP4z01EPm,Industrial
497,3TnHNsSdOYdqQdXyivAmuH,Industrial
498,4J2aPhC2ODvSURePYP5DqE,Industrial
499,0JqtLoPU1i47itdwKRg2Zo,Industrial
500,4E6wpXABj8XosZEPXZz2OK,Experimental
501,6iQDmWrbrMQ0vPfbKqqvKU,Experimental
502,2MuPNWG7PIUQccZljWGx6W,Experimental
503,3EC4B8QG0trMZFHBbiDKVN,Experimental
504,5wTfzzRW8ddRdgW2kASbox,Experimental
505,0LeK6Ol47og0WdGwKegNUL,Experimental
506,4kd9emKGtrL5QvhKMBmYrD,Experimental
507,2JjDl1YbzaBKlhSrUXZqNM,Experimental
508,6jjx1KvWK4OAzD0JimzHiY,Experimental
509,03jUMnAF30sYJ2EsPB2JtG,Experimental
510,4gSokjaAfP1W9NTfkolzdJ,Experimental
511,5mkuAmQFK8QxgH1FVlJhAF,Experimental
512,3LeOJGqZ62QPSvWueSeL7Q,Experimental
513,62oMXLTGaewaJ93gQVyZ4Y,Experimental
514,3oelMc06qyF7tuA55tPnJQ,Experimental
515,0FB5RGj1qwh4x8grFbiYDn,Experimental
516,6X0kZUNcqKYvYBwxXpU417,Experimental
517,4hLvUbH5dkCByoNFsM02Js,Experimental
518,5hT9plaY8kgBZSmCUpfV47,Experimental
519,7w3AcH1IPIjZqjgixLgiEO,Experimental
520,1AxTJaBxuMzdXFhRHQfUMz,Experimental
521,1WGC4W2dBxxxvH97h9qCP1,Experimental
522,3IVu0dKuUqI8flWKrcfcU0,Experimental
523,2P3OwLmz095p0PIMwkrQOh,Experimental
524,5IqvKkwIqeqc2s8DF0avei,Experimental
525,2vDnLjOWF85p72c1t40oe5,Experimental
526,7Giyxds8jh7TVluP93eC5C,Experimental
527,16nbE9hcJZ8OIYxmtAFOio,Experimental
528,0PZrUz3FLIkW8j7GaFbYBO,Experimental
529,6h4opbGz6a2CKw00Syr91I,Experimental
530,6dfiHpYb2ciw2urKenpdyC,Experimental
531,6qpV9y4hLYXoM0MEWwf0rR,Experimental
532,4g74CSDNPepcXXWyJ53wry,Experimental
533,56k68f1Csqmfx9vRXi9Jsl,Experimental
534,6XyB7AnLpgZaQYea4vRPdC,Experimental
535,0pfbHUS1He5Mjt0EmP8Mrl,Experimental
536,5EfUPk5w7hMuiYd5Aqr9eo,Experimental
537,5x71gpk1LZjD92Vh5wwR97,Experimental
538,1y2H49mWggsh4DLiGDqwZq,Experimental
539,4kqYSyIRLk3rxgke3cWflX,Experimental
540,5vAJ34CDAMijpywxBxyupZ,Experimental
541,1l3sMzBRc8dgpKzj2wm368,Experimental
542,5fQ53YX1adoTkNWuFeoGVu,Experimental
543,06Vnpa8wqFpQFJaRAA4oVC,Experimental
544,39TLRxXsT5Ar1vM0q7JZS2,Experimental
545,2vw9pwB7AWwDENAmq1zBlV,Experimental
546,2nnKS05n7NKy9MyVecmuu8,Experimental
547,0twqNLMlaIECkRAK5leXQf,Experimental
548,15ux2HWFlZnYoENzJYnzV2,Experimental
549,75vZMlMCz2GUmfPtaDNAA2,Experimental
550,3eD7Z4qOcBitNcL5WRfTJR,Experimental
551,5lF73HA0eQYUBg8DyPESXJ,Experimental
552,6i8TDqnHN7GF9uU3LJCklq,Experimental
553,5Y6WHnoBdimQ9Gm3P1jxig,Experimental
554,2qhY2pFt7XGKOeji6VpQZb,Experimental
555,3rJD4jqjvYUgM6F0LVSMWG,Experimental
556,38xswHmNWqoAFznp81djgj,Experimental
557,6ig9kBoTHXEbVhePqzhngW,Experimental
558,3G5oOfICsWYVeONbtB7vRJ,Experimental
559,1x3D10RwWsAbJaohK2XeRX,Experimental
560,6Km6XsyXdOsRhu0tj1Jj6x,Experimental
561,63lzuPkE4FkPW7SPyDolSi,Experimental
562,2bdvS1A5vGy90aOpjCHFux,Experimental
563,14hM03ZVjzGqiHAo4TMrak,Experimental
564,1C8xKYntDnAzvzwcSLnU7W,Experimental
565,6I1HQ1fAggIDm17CXJo6aq,Experimental
566,6JQlRaRd38T5DhUaDnR5yG,Experimental
567,7wiVnVgNhPICJsAIf8O00A,Experimental
568,30a1OAy25aiX9vdYxy42om,Experimental
569,0fwXQnRGqcE8aCravPClDo,Experimental
570,7yGR564nb0jMzLHQbC1ZwB,Experimental
571,2PmUzUUq57pfjCloz7U4IS,Experimental
572,62duewknNqt9fZhBoYAanE,Experimental
573,2MGmRnEMvhnmXOwXZow44X,Experimental
574,47QynH6AAUDiwxzQ8tnHcP,Experimental
575,3DwKUwbM2bAoFSWvA70vPP,Experimental
576,3G6HSTP5Y63jis4xaOCmNT,Experimental
577,09STcjQLFcCE7TzjBmIXML,Experimental
578,0PiPRzKn2U2qskZZxHox2f,Experimental
579,5ITT2UsqV9R5jRnpUYebcA,Experimental
580,4O5eORcT2dZTZ5RWJcELzJ,Experimental
581,2LEXNkVRuDfroBJRQ1zitM,Experimental
582,4M2fSEcYoPxaOgL5v77ZpP,Experimental
583,5dIfFSUtKg2QOHf32iHyUh,Experimental
584,39XqmCHbfbKTXGx2pqc1s2,Experimental
585,0vEmEnc9S2E402BbWrfI1u,Experimental
586,3fC5DH3Pu3DzCHlgtBUZVd,Experimental
587,12f0f3XqpyPb4O8bdtDn3E,Experimental
588,6FDLIsQnjDx5KvI2586BAh,Experimental
589,3sRWzDsE5oZ0IKpJwpzpqn,Experimental
590,57mFAT7bXcqM5ydcdMDSVX,Experimental
591,6uwZSC0XTaSw6wTrcJFQbs,Experimental
592,0kTRSk5aNTJdmQdW0ovvkc,Experimental
593,0UyTtFzEmWbirYnQz5zYYH,Experimental
594,6pgdUH7dRJlH5ITa1YeAem,Experimental
595,7Iogi1NuInEAxMBOreCB3b,Experimental
596,72VhOwh87q8c5RBoI10q73,Experimental
597,657pCrjmICGxzsMU8zPnAj,Experimental
598,3qPDkJVT3nTadE0DowU2w5,Experimental
599,3UQ50Qs4qt4dZD978hpLbY,Experimental
600,7cUHFTxJhxtZ5tpY34SMRw,Folk
601,7stpbtJzoBx1D38egFeT29,Folk
602,4UNYF5dLLQ9acbNxenGTpc,Folk
603,3HtHib9t0FmC9sl1gsFobY,Folk
604,29y2j3s6i528lBTSMP0wbE,Folk
605,5BaDnS9olEIZSXZNdgraMs,Folk
606,671W1lZGS9LcyzkMCRK3ve,Folk
607,1INE4i2TuVEFHgj2Vtpz14,Folk
608,627pEZNVSQ3iUyvOoxXVUw,Folk
609,0KRMfSzkY5G4ORX2jJDX9E,Folk
610,6WZImct4xSNP1EQuL2LI4z,Folk
611,4Nid72rinAHNKndbm4DLKu,Folk
612,1h98WxD3tsMfb4YlB2wBDS,Folk
613,450nTCIFJLFG6M9bxDohJP,Folk
614,4UGvNbuucQ1mCf3tiq7ZuQ,Folk
615,62TCEZic6RfrMkC2jkJQ2S,Folk
616,2cTj4pAJNev8vcJQCoGuQb,Folk
617,0zbeLVcM8iUBiKq6GxoJU3,Folk
618,6UtlekzNKTvFPuOtJvZjkK,Folk
619,7HLmjUIFeeCxiJKASRqltT,Folk
620,1GK39qL3zPowvvb0UpWGyQ,Folk
621,5xro8nNwHvY070Dk8OGIG2,Folk
622,2PlPpcspUIj23Jh1chR46K,Folk
623,1cENvf4W2SC8HyZgjzXOzz,Folk
624,128HMhWqF74Fxk3DB0jllv,Folk
625,0jVsMpF6RFUECMzYoiYiW7,Folk
626,3CQaHiwA4P14cdJuDzITLd,Folk
627,7C9nqo62jehSZ1AVLxU4Jn,Folk
628,0s9S861lgoFOi4vXG3wsab,Folk
629,4q7tTzUdao2IOKTCz17ym0,Folk
630,6dzyEj20geKV3Khh0nFqbR,Folk
631,2h1nhjGCI0otQYmkp0f4gw,Folk
632,0KHTwfaUiDHy4lATwLFwr4,Folk
633,0dHrBbmoftbULEKvNawKSe,Folk
634,6D1i1hoMyjs843XbMhNq8J,Folk
635,4NE5lWvdpevNpziV5BUoOq,Folk
636,1vAb78bGwENFZmf3T79ABo,Folk
637,6dsKcPKE6PLr6PBRxeNPfi,Folk
638,2zEAc2z7WvJnKT3i1Va4LQ,Folk
639,6zF7mIV7Yx74FALTZh3UMZ,Folk
640,0fNSEGMYMcJpQIcLpUq9FT,Folk
641,5tZHAwrNbJEA0o7jK2nilG,Folk
642,1CznPeF4zp76HqUmZk26dp,Folk
643,7FBdViGNTaDNc2sl6MWGew,Folk
644,5IqvKkwIqeqc2s8DF0avei,Folk
645,1uUdfXGIcEC3O7SqboXGLp,Folk
646,28R9RX7V1tQx91u1cSDlmz,Folk
647,1bonbXXlT83xzDsyKIc0Am,Folk
648,7GuZED83VYeWCoXJPysg7e,Folk
649,2dZaznMM1CnsCcRprcYs5Z,Folk
650,480rtuITvEdBj1TA76juXO,Folk
651,0MztEEnX04bsg4On8jQ7WF,Folk
652,3nRzfRi5pdXe2aA9rbE0S8,Folk
653,3scNYs59MN2puKtlwnzq9Z,Folk
654,140YrjpNRIohRgiUed4OIw,Folk
655,6cgJhYBsmqtDLNEdQ7Wg4f,Folk
656,6oQaYzijl3xEoX1a8P7Foz,Folk
657,57X3y9aTt59bXdszZm1U8C,Folk
658,5cEHYQPgYp3zfYP3BFzbJA,Folk
659,6k6HxyqO3OgyVcydZZXmfI,Folk
660,59Zt3ljewoHZ0A2J6qayNo,Folk
661,5z2tpy6GLge3PpEWvYF1E7,Folk
662,3DCpqTNoWQXuhY2PCGSXbs,Folk
663,5jlu205NEMHwe3TcV0rmGn,Folk
664,3kmcAMRPenmsQQscDK1sLO,Folk
665,1BPFrXiyrInaCIWkuvVRny,Folk
666,5vKHU3aMlAzujMK2LcKPf7,Folk
667,6a4hIHS9wtWf2O0e8XgHGl,Folk
668,7x1BkDkUOi6qHeptyZBOaE,Folk
669,2o7Exjn3bLrKOYS7rsJXlr,Folk
670,35NBugSe2B3myDG6iY2huT,Folk
671,1FgRL0qBHeVu4iZnj3WP9r,Folk
672,5cMNQ2LmvEBTUL0ZKdxtPl,Folk
673,42yMBH3H2enXtdBJehyT8o,Folk
674,4iTx8xQFl22MH82TTrw8NQ,Folk
675,6wvS71j5iww95t0Wu07kJI,Folk
676,1MmecgkGmAS0dpJtF0k4Is,Folk
677,6k8Jiyv3d2s5kt8p1e95SA,Folk
678,6oOZSrzBB2QTSRY3qoWaYy,Folk
679,1DCcgFZYNC4DbeysRwBpjo,Folk
680,1rS8aSBVuN23jol7N1yCPU,Folk
681,25x7xXk5m6oCO1x67J0HRY,Folk
682,0v2TBqAtyK8p6yDusBNVAZ,Folk
683,4LNkBt5ErMrbXHeCPoDhzZ,Folk
684,1g2eSCd9S2onJcfJxAcS71,Folk
685,0KlYaNfi8G70HSLYWW7aci,Folk
686,6lCVHF80Q4b3RWMkZWvENw,Folk
687,4LyJfkFQTpMHRSj0rCBgdo,Folk
688,7KyyCMD4fPZgJ0kKVuNAo3,Folk
689,0VuiLKm86hsS2DLDM2UVia,Folk
690,0H0g6Rk2E39yNF9ShYj9z0,Folk
691,2sHZTVXbyiz38DIFZYgxdQ,Folk
692,0mrHi6us5MaQNM34bHI5F7,Folk
693,0hwFRdWtN7clcasZmZeBfe,Folk
694,43qcGBcVT8wz2ntoS625vP,Folk
695,28Npl9mDDanrITQV8NNe2A,Folk
696,44gQ6qYCNVksivDoFwHnZ8,Folk
697,3ZHU0h1DO2Tir7pQu889N5,Folk
698,5vpn2RpYnBmNrsDmksRIJS,Folk
699,4V5raAqQ0Emn6JCrcEIW9p,Folk
700,4eGHEHqoDMMejzPhRFTc7p,Gothic
701,710B9xFjNOisQtKtppZE9p,Gothic
702,58RDwkonFMOkoytBtIQetc,Gothic
703,3634aKisKlGdUfD9V3MOY5,Gothic
704,3yubyWatnRRLHkIsN1ZI2Q,Gothic
705,0c03LEUpwW0O2tmt0dfktG,Gothic
706,1ycz5DvATLtmn2pOU8u38C,Gothic
707,5cDS0AxJMZkAHjuwfUomJI,Gothic
708,7DeR4JkyfQHmUja3XC5oR9,Gothic
709,2kxAHDqcVvD3qYetBLCdZC,Gothic
710,3W6sY8TV0geWZLSBIWKwyo,Gothic
711,1Yb9Nq9PTEegiOUGwyGHuP,Gothic
712,50KnnCScF28RF7eZzrJwp3,Gothic
713,3IOTNKbDiyk8OpVrQZq838,Gothic
714,7p9fJOQJJFzE8pkQ99v6yb,Gothic
715,687klRjBy7iqdzCBtQwcQf,Gothic
716,2qURNRJHKUjc9aT398g0pf,Gothic
717,1Ja927Jy7zgsDjTiCzmFJN,Gothic
718,708b4yGsLuBrHlrm1zZQBJ,Gothic
719,4uaQ7adjRXgBWuSzlAH9vS,Gothic
720,0aauEuObcI2mG3hSv0mh6k,Gothic
721,6w2vXBqo0gMvB4rBDqkBWd,Gothic
722,1lytJzFHNjsjDuMIJKOf6y,Gothic
723,54fS1DOTr1S9NjnZlRPm50,Gothic
724,0wkscODHkDKzOU21rIgHy2,Gothic
725,6ddy1qyt2Zbn9A3kWTpNA0,Gothic
726,4vkoYIgUmOrhiXbT8DMDEV,Gothic
727,0yS0PRN1jUnSjojoZ78jmT,Gothic
728,4NcYRApZOUk4Y9vBSlFiZd,Gothic
729,4VgoqfcPEre4RfKkD8SpkL,Gothic
730,5XnHRKpIuL902a4n0JqoZ0,Gothic
731,10a8GFqhp6uiNogYRBS0YH,Gothic
732,10a8GFqhp6uiNogYRBS0YH,Gothic
733,4HYfYqrszyJNf30YGDd8UM,Gothic
734,4dzFHJi9k2tmD3bwU7zX5N,Gothic
735,1eeypTTbkGroy162wwcDVJ,Gothic
736,0WIXvD45IY649f59Frzg4S,Gothic
737,0lSSFCeFmSC9wJHCGxK31q,Gothic
738,2HjaUtSMTcyn6orIglDwch,Gothic
739,3jkNk0HJ8Vtd6RCf4aZtki,Gothic
740,6ZAuCrqQWJUgSh4Ttdwlob,Gothic
741,0Eaz1Hjb830c2hr3zaUF7c,Gothic
742,1td8KGmA2et6RsVCtOw6NG,Gothic
743,1M3h1uXXNSG5wAjErb1Y15,Gothic
744,4FsITujvcm1JkVyy3pGgjS,Gothic
745,74yNUKTyUeR5EEhtSB2QoA,Gothic
746,0qiy8BY3Kptp0QFsZacb61,Gothic
747,5QERtYM6aZMei0ITheYQQ8,Gothic
748,0dDF4EWfWjhhCH5w5WXFnY,Gothic
749,5aBfHsB4Sslb7fsVQriIDs,Gothic
750,6gEEMp4ZLpmhEs2zmjZLJ5,Gothic
751,5D6kMbIvTH3KH3UDdiiGh1,Gothic
752,2KN3C5yAiNWa19ZKapcPcl,Gothic
753,24jNJuVUqfVmjGYrxDuB3a,Gothic
754,2TLYEssmshgtHRObiXZuSh,Gothic
755,5hxAP3hxqnPzPYmOyQdiQe,Gothic
756,3oi4Cdf6zfpxRtpGMr3Xie,Gothic
757,6UmFW7lBvyFQEBXognAr9r,Gothic
758,30Uer0M1IpdYJ20KdhH6A1,Gothic
759,2HPdHcJpQ1pbw3ud0ii4Nc,Gothic
760,1PN1qeguZngSXHCn3BhOxA,Gothic
761,4EYsLKVPPQj7pIoi4ziMkC,Gothic
762,13znae6fCaV9B3JDciXCMW,Gothic
763,0c5sK0p4Z0ZyGZfMIdk8If,Gothic
764,3kvwVnyfxCNnnKp45VaMTM,Gothic
765,6F7onE5gqL9QH7GclKzDxt,Gothic
766,33q0jkdR2ZoJtAS8PuGMKd,Gothic
767,1fkOF50UUVYGIsgltAZYyh,Gothic
768,3ZyyZIqzx1SK6ehpseNATX,Gothic
769,1ZfD580uOwYsObi9Dja1ZV,Gothic
770,2A4xPjRZg8wSp1xhLr6FiI,Gothic
771,5pUfgKPZB0iPLYZGwOm4LK,Gothic
772,0mIl1CNDr8Ky3y3Y77Y5yk,Gothic
773,4Eh9j5HvIxy4mqvtae2Dd3,Gothic
774,0A7rbcxlYLfdeNuDbO9qi6,Gothic
775,29Q2yjowQZaX5QNE3y9Zjo,Gothic
776,2HCfkY9xiPzH8xexZ6LxS1,Gothic
777,6qqWdgkAsIc5wlNslrwFTy,Gothic
778,4UuBhJpfwzYHwhCg7Mde9D,Gothic
779,33vyYuH9UfJeKYz0X7zXut,Gothic
780,0cXbmEV5c7SNIl8Ot02fSF,Gothic
781,2xVnaGG1MRVFPaYU401uLa,Gothic
782,1YFbfkYDDMXHUMNTcZ5wdn,Gothic
783,5JCBWvEhje5Hufw4gIJBmQ,Gothic
784,77DKhXU2ODGyRwUw7L8V4u,Gothic
785,1SXKSb8oVQwqf93Vc1cAL1,Gothic
786,4mdNYNQktExSlMjdJ9QROM,Gothic
787,2aNJ8K1U7AHC8k0kY4MFLy,Gothic
788,3DGdxIstcsLi976ERj9RO0,Gothic
789,2XDC6h9roCfX18ENPbdyJ7,Gothic
790,44aXg4zjboF3H1qUSGBwRW,Gothic
791,4jkoqFsTaVX28hVS8eO45l,Gothic
792,5WOVG0TUCVO8O1kZmxXwhz,Gothic
793,6SnjVsurTr4tT5Vh5ez1Kd,Gothic
794,3rwUivqHZDdLrFZUTfjIye,Gothic
795,6causqx0iW2RiyjFrgtuw7,Gothic
796,4NlItFMxcpOvKJsnVXFfjX,Gothic
797,0VStBk9JnwGK7JNvreC9eT,Gothic
798,46ZywKhfEdjTb5YZfmWfDF,Gothic
799,07vsyfznDCcwRlxUxciSUT,Gothic
800,7cMIJjvNrSxkLBoo7SnAvw,Grindcore
801,0bKs1y9PTFBddM9qj0JGvb,Grindcore
802,6IvxXL0dqXJlgIoIFfMqFA,Grindcore
803,07zQA8UkyxpmnRhPjHOVOB,Grindcore
804,6sKANyckRxoAVakhHnPDGU,Grindcore
805,5Cfpkql6atqov7YHVG7Py7,Grindcore
806,2wYiXAJ6552SGJlZnvewF7,Grindcore
807,3niz4765xdQsl0DSMf4DIx,Grindcore
808,01HZUfOMDa4hAj2OIIf0tS,Grindcore
809,49y4jrXiUxJ1XqzUmtcQje,Grindcore
810,2ScZtDGnzFkBgu4fhRzmsS,Grindcore
811,77KTNAnVYjrqbbzTbqUUCi,Grindcore
812,4G5P8iFosipk75ka1Zi4ob,Grindcore
813,6YuVmHEXQU3Dgg3w3LSZnZ,Grindcore
814,4lOqPyvR1xRoZgyfjcbL0x,Grindcore
815,6zWR2V06SgBaywPrni5mB7,Grindcore
816,56uFi2FNOiPTwwMTmnQb9b,Grindcore
817,6vb8Hy0CgjdDeLcD9UR4tW,Grindcore
818,33Tw7bBpn08xmigGaruVhL,Grindcore
819,4tYHASDmTcl9d6zFCDPNXK,Grindcore
820,57LQHgaWbaB02gDFth9in4,Grindcore
821,1vAb78bGwENFZmf3T79ABo,Grindcore
822,4Zsix11Dx5iiS0X7EclZSF,Grindcore
823,1aE3j2yUjvfeUexBdMDKHA,Grindcore
824,7EtQ5CqjSRgItuTYXeEtc9,Grindcore
825,0FNb2MfSvg0Mv3wgUs7XzR,Grindcore
826,2YY18uNgbN6YlLh0I72QAL,Grindcore
827,5XsxbIQeESqlp2BwHyZ8x7,Grindcore
828,3HfDSiJA2Vf0cdvT4dDwzQ,Grindcore
829,0ceibOL5IiWDOeBv2PYUGS,Grindcore
830,27vcwfCcgCaso2A0hifBT9,Grindcore
831,2FTD7GTnQjvpeReCYB8sMP,Grindcore
832,133XNDpjZDeklMjhb1jDic,Grindcore
833,2w5EUUiQUnbgWe3kwZAh4n,Grindcore
834,1QISerMz8cRzCGBhJkTC64,Grindcore
835,59KysmBtOw5YYLV2UzbXeO,Grindcore
836,4oLr6JYoDzWT1KsQRKIIFl,Grindcore
837,0kEGZei9rQQYttjDyEQ4rj,Grindcore
838,6ROHkoMA1RohwSGFgnEQzI,Grindcore
839,0nv2fQCtxDqIJuPTKynKy8,Grindcore
840,1YtnZi7QgKE3rcgg91mDKn,Grindcore
841,39TLRxXsT5Ar1vM0q7JZS2,Grindcore
842,67NmAcOBbppWwqory0sYir,Grindcore
843,6R0CR57ZXuavpJ0DsOT8Nu,Grindcore
844,55ODw6itzdoQaHN6LjD3qS,Grindcore
845,3DeAaXxQH2jmtWLKezKqa1,Grindcore
846,0v2TBqAtyK8p6yDusBNVAZ,Grindcore
847,121EREaiCm9ZNz70IvD7RC,Grindcore
848,31ZTKhrSPeufd3L1Wd12kc,Grindcore
849,0Jt4oMpZKEFRrHYBNglgzt,Grindcore
850,0KlYaNfi8G70HSLYWW7aci,Grindcore
851,2hqWQD8NaFvFJTDzVvON72,Grindcore
852,1CrBmNLLRTuq19YHFxZV6h,Grindcore
853,4BPwtlhUzUnUhBnt5rMbcC,Grindcore
854,2ECiOFk2i28TFEZUDQXefc,Grindcore
855,2U72WcsoIurnXk2dPBMqKX,Grindcore
856,4IcMbsouvdrvIirllmC7ar,Grindcore
857,38guYrF0gFhiDaaWCpsAzB,Grindcore
858,5Ypnghtx7Ezzf5x16PDpDC,Grindcore
859,68xQkT5Ww6SZBzbQzreOju,Grindcore
860,7yGR564nb0jMzLHQbC1ZwB,Grindcore
861,2nt0f1WitVhsMzY3uMae4r,Grindcore
862,2UluaDmO7ROmTO4dXgStZ8,Grindcore
863,454BNvuRUj0spER36hLRDj,Grindcore
864,3DwKUwbM2bAoFSWvA70vPP,Grindcore
865,2aQuwaap0qGUFx3qCt7y9F,Grindcore
866,5XDoERRDfIlN16fhWH1vqd,Grindcore
867,22vkvo2Ey5e3Yzx2oDFmWN,Grindcore
868,520YV13ulSpYYFH3PF8bu3,Grindcore
869,640gQtoBsV6NzzHsFqNMO2,Grindcore
870,0ZnZp0Fo1Gxwx8dC8ol65F,Grindcore
871,5QsYwX1DDvuhpsOCaCn4YP,Grindcore
872,5omTf1GVagsjkhr0m79auk,Grindcore
873,1ukyoBUPLuLDWiGOP3TDdE,Grindcore
874,6pSdueaNbElFnB3JGqzXMW,Grindcore
875,67hZkxdZJReO1T4uW0ZPVn,Grindcore
876,0lP6unRRdWs0cqa6qjsSmn,Grindcore
877,5pNXfPMQK2MCplLsa9OzdD,Grindcore
878,55LOcVCllzfvWvX9d32wlL,Grindcore
879,0kTRSk5aNTJdmQdW0ovvkc,Grindcore
880,5bGpyUwrvei8Uyp9Yae8zf,Grindcore
881,7jLEi98l4SJPm6T6pXGLch,Grindcore
882,5LrX5wEhuuEKrsw2EKWznq,Grindcore
883,6hxiOrhmVe8Z8NMC5zBN61,Grindcore
884,6s3s4DgMYB4aXtZhNa2rmf,Grindcore
885,5OK5Q6B4jgyXKIAItybyBx,Grindcore
886,1mdTyzlaJo6P8CzeAM4iMq,Grindcore
887,1f1CfdRtLuYPo7FBdclY5e,Grindcore
888,43koxanshMLCldZrTNsi1Y,Grindcore
889,7x80QmX9qhW4jEbZrE7mDD,Grindcore
890,2CXoE7kgrfepUxvfuApzNw,Grindcore
891,40LeUqlvSejNaIFfDMscmA,Grindcore
892,7bDH0CcnVcHo7qZ7d8Rux5,Grindcore
893,29jdT24cfdRzOmn57MSFlS,Grindcore
894,5qOasStIp3b9jzijsueuLH,Grindcore
895,7cLYSlL0Vwh1VCEAfkIet1,Grindcore
896,4aJ8uR5JXf1rSWk6s75gCH,Grindcore
897,7gX1NBorrOZqpLYBlRIW3F,Grindcore
898,3FE9t4BzzOGYduUXVdfSxJ,Grindcore
899,3PcpS4oDufrMzcWOcChnDC,Grindcore
900,3RAFcUBrCNaboRXoP3S5t1,Groove
901,7fcfNW0XxTWlwVlftzfDOR,Groove
902,6ursmCnbc9oDRGa2yHKkoZ,Groove
903,5NHTtXGCdO7ul16xr0q93w,Groove
904,4tvBoSWeIW0bjhKNre5mod,Groove
905,3OYZWMm5m2DEwq2Tc1ukTh,Groove
906,6O7pihLJgeqxUnG7u9oYL2,Groove
907,7vrLphPq4yjaX7jiDdd2Nc,Groove
908,5SAEMjVQbmin3g7b0RG6me,Groove
909,2OoS1aZFAFscH1cUiKlazH,Groove
910,1NbJFhkVdD47YZ2IojKkJi,Groove
911,3TZuUaGjEtyAiUM9iM89ff,Groove
912,5Tdx85q8KQIcIZJ9XoHblt,Groove
913,3qHlBxD3acw5nrl7Padt0v,Groove
914,1UwwbPgKGOoSbqqHm9Xxzn,Groove
915,163Kb2pSLLduhfbO6Zn0sL,Groove
916,3iUJrkMilUVkUKtYZK7Th4,Groove
917,0GBiT1wHV68bU0Cv8ZU2HZ,Groove
918,4qjvr0qMFUo26SxwC4VygS,Groove
919,6lJJcUjhsp0TJRuzUIPOYO,Groove
920,7hgtn706RqLE5q1mWe8aQx,Groove
921,2yY4ojg6wfEFBGVZoJuXqK,Groove
922,3WeWaUyTww9gLKmimlwm5w,Groove
923,2fSYadDsbWMtIVqX7flKIc,Groove
924,2RJba1by26f8314u8IgMta,Groove
925,3eI2C0gohXlg4AsavdYSiz,Groove
926,12PJ8kfsZI7bZP3DGmsjqy,Groove
927,3t3cv2Vb8XzjipocvYP22U,Groove
928,6jIVLU8ewF4pWLojWLUca1,Groove
929,3mv3V9Ed2tgb3voqeuUAYI,Groove
930,0PVqmGnFNOQmHD1prOk2UI,Groove
931,3Wd984FGyUfBaWcylWl1l4,Groove
932,1N7RYua9aAmm5hEUERm8l7,Groove
933,4RLIujooyQaBKKLXPB5LnQ,Groove
934,7dJZjbVExc2xjdhJAqgkbv,Groove
935,0njLgzbhYnBLK1WMtJDhJk,Groove
936,6Uiw1cc5V8JXyQTnfcqBto,Groove
937,2zETdkc5Wm23NLHEWDillV,Groove
938,5tUxhJPbbOB4vEwm7ax1m2,Groove
939,66ShyjRt7dvrbBRhzkx5lf,Groove
940,4cKjgFo52FGkzmnO051RxX,Groove
941,1yc53HK08sDab7PDFgnLWk,Groove
942,2hN5V4vxcadVvRnXh0bz6i,Groove
943,5yBHLw5gTRaAWb04Y2pkwi,Groove
944,2BNshqUpO2WSXRpp3lP37y,Groove
945,1lAoyIBxXvsa0kRaYrYqLJ,Groove
946,5DyGEqGugzF3YyfnFPa5jz,Groove
947,2ZUlACibpFDrmGanS8CXdi,Groove
948,3Lao9WQ5YkN6P9YKE0ppVX,Groove
949,35CwMBsnwRDHpAY9F9wY6e,Groove
950,4kr3TSDNNOdv09snNWytEo,Groove
951,0nUr0w3heyCySUtZ6AHPZL,Groove
952,2Rx55CMhd7scjeFjM5bQCT,Groove
953,5TCaCtANKyajclVuGjx2t2,Groove
954,211ruBChZ7AQqZDGiViC9A,Groove
955,3JAdICKvCLPmbtKyufmHhM,Groove
956,6LuZwNLAa2FfqFPTwwrCNH,Groove
957,7F7CERqmywiOol1MZ2LLCU,Groove
958,4YthwCt7NMqxQCQfJPZMnU,Groove
959,0XI6kKlbYZhTSg8zKvkEy1,Groove
960,2SeMi8XoTEG0rVvCJHWPxz,Groove
961,1dYkWaH2SMZ3ZX0wOkVCBN,Groove
962,0P4q22yXD2RL96Rd4DF7h9,Groove
963,3CBP2nfcnPADvVRmq6e1ie,Groove
964,5l4stemfeI9xWMtBR3jUj0,Groove
965,5YlqlMm6ZH2mcTkNDpUk0R,Groove
966,0Jiol6nxdse7oW0PLSbJGb,Groove
967,0IWO0eDIpFbKUZ8qWch8Y4,Groove
968,4sAWFLOCxVfyBvZq9dWy0s,Groove
969,3bedDbNEjY6sUNzTJH30wF,Groove
970,1VIXLYLBFNvbJq8N1gMGTr,Groove
971,4PjjUpOGcGQLWRkkfQToFQ,Groove
972,6001jTk0jdao1oVV4vanVB,Groove
973,7tecAZxRaDJos0kmTqD0jH,Groove
974,3pBuMvhwXfkTOrejvKcFin,Groove
975,7EwKBAsc4EALSiAC741Xvg,Groove
976,7lpujbZVA6HsPeGnTEnIVV,Groove
977,2Nfnv7UIMRlNkH9FUvpZH8,Groove
978,04EtBLFIxbcVt9NdYgcrpF,Groove
979,3dgrhr4qLwiiYVsSycOcRu,Groove
980,3tS1VMpxp9bLn46Cyh09el,Groove
981,7DyCmfT0WNViykLTHGT3yO,Groove
982,21WIpZXepY9HA7NDwYiNaM,Groove
983,1KJqxYkRqWZdDQHMJ9IQaZ,Groove
984,0cdMdBEDnAVea6vPPJTckS,Groove
985,1G2zPslRbwqFsrsf2hA7fK,Groove
986,7LW3MsXbEkJPXcEoiRoFd5,Groove
987,0Abzowxt8CYV9T7dKfqPZ6,Groove
988,5QC9zDCSzCVeeJxLMKVyCD,Groove
989,5NjooFVPYbLbokXDkpcPlh,Groove
990,666L3SqyCAxOUMyewZI9Ll,Groove
991,3j63DQ8vYUyRIbSuyl9kfW,Groove
992,2ca6HRbUadaO4MxYEpDWev,Groove
993,5206dAhF3PBwnJP2EoZx2q,Groove
994,01hUY7DohyUhGpRsm6ciEu,Groove
995,34SVUs66rBnOqsCJl45Ek8,Groove
996,6YQL5QkRFXKbbRKF6TxyOP,Groove
997,0YYpiRYHqxXxs3CBPvUrNR,Groove
998,7sI7rhcEbNyI78SsNMO2A8,Groove
999,6q05Nn2QU91KkGxY0m8vCk,Groove
1000,2DlHlPMa4M17kufBvI2lEN,Heavy
1001,61mWefnWQOLf90gepjOCb3,Heavy
1002,5cZqsjVs6MevCnAkasbEOX,Heavy
1003,1158ckiB5S4cpsdYHDB9IF,Heavy
1004,7ACxUo21jtTHzy7ZEV56vU,Heavy
1005,5anCkDvJ17aznvK5TED5uo,Heavy
1006,2MuWTIM3b0YEAskbeeFE1i,Heavy
1007,3GiJq4AQK7324mfIQbpiTf,Heavy
1008,7fcfNW0XxTWlwVlftzfDOR,Heavy
1009,2SgbR6ttzoNlCRGQOKjrop,Heavy
1010,4GssB27iJeqmfGxS94Tfij,Heavy
1011,2RaA6kIcvomt77qlIgGhCT,Heavy
1012,2V8KvnD5LVeeDChMWEkSzC,Heavy
1013,6zKF4293k44ItKWJJgrhXv,Heavy
1014,3nlGByvetDcS1uomAoiBmy,Heavy
1015,5KTBaWu8IOczQ0sPWzZ7MY,Heavy
1016,5awDvzxWfd53SSrsRZ8pXO,Heavy
1017,60fUDmIWuKhngaeBIVhqIV,Heavy
1018,2gscB6kDOmrv1P6qs2KXE3,Heavy
1019,0pwObEOHolQZSldJ2q1wpy,Heavy
1020,5ofoB8PFmocBXFBEWVb6Vz,Heavy
1021,36xBFaVGjqm7le8CTHytUj,Heavy
1022,0L7zm6afBEtrNKo6C6Gj08,Heavy
1023,5Z8EDau8uNcP1E8JvmfkZe,Heavy
1024,4AFjPeecGnS3999PV5iOSK,Heavy
1025,4tvBoSWeIW0bjhKNre5mod,Heavy
1026,4ReyTz0y3TGkX48wO3Llot,Heavy
1027,3t5GlWUzGSt2lPuiSEPBFG,Heavy
1028,6SShrkXpvyKEMslHdCbqJI,Heavy
1029,54yLLvpezvPO1lA3GspiZj,Heavy
1030,7cUHFTxJhxtZ5tpY34SMRw,Heavy
1031,1UWGkn34CD31VQfdi4D8Zp,Heavy
1032,3uMmllZo1AfoEnVT4ENCD3,Heavy
1033,65VHUZPZKgaG4SJVRkBPzn,Heavy
1034,31dqpLUModJWNbxrXu6TWd,Heavy
1035,2SMNxADB0ffqaIoOwl2x06,Heavy
1036,4ImIJRZNJhNQLLdUFSYJoS,Heavy
1037,5CPXR6lDTvngxtmMZxnWmC,Heavy
1038,5EauhH7IW4eDo0SPnP6rIY,Heavy
1039,5qZMqZspIglsy4SJxtJt0S,Heavy
1040,4AFqxUgTjluFRfjPLuoZ0a,Heavy
1041,76CWLFHm3OFuE2P1dDMhi3,Heavy
1042,3pKsUMqpVr4ZJ13Mm91Xig,Heavy
1043,11ajcVj3qSyyMPUpTJUP3y,Heavy
1044,08IpZZZPvzDMED3oq9F8Or,Heavy
1045,7BlvPctRnjjJUjBnrySJ7b,Heavy
1046,0FCY8j3JRrZ2ynRUdMK9pS,Heavy
1047,7nqgVLMje8RzKrmNH2D6dg,Heavy
1048,7stpbtJzoBx1D38egFeT29,Heavy
1049,5I29F9GR0OkaU1nuxp9hU8,Heavy
1050,3qHlBxD3acw5nrl7Padt0v,Heavy
1051,4Ku3OOZWR4tpKNCVFXILY8,Heavy
1052,4fY2JR0REUiykvzRw61sk9,Heavy
1053,1vDJE9fE7FB8proknu3u8E,Heavy
1054,1aR6W01r094onPc4O2avEp,Heavy
1055,28TcG73tbc4iGrGBFjiBnR,Heavy
1056,2L42uB1e5wuanTTPEWVe64,Heavy
1057,37LTDJrNmWco1qHO1AuZ1r,Heavy
1058,2KGCOtaTbNIbwrxS0a2UMv,Heavy
1059,7cMIJjvNrSxkLBoo7SnAvw,Heavy
1060,6EF0xhfKtQNqUPz2mnE5BD,Heavy
1061,3u4djE2yAEkKMWJEUOOJyT,Heavy
1062,2BhO5MD5myhWXL82di1W8v,Heavy
1063,4G8EhnfKvBQVlOJ4xXCHpQ,Heavy
1064,5YeQoMo5py82YmqXMTjM5S,Heavy
1065,0nHMHZpK4ybhSzKeOOOqjQ,Heavy
1066,6zMBklADPUiVev8tFrMHIy,Heavy
1067,4tjTsxTBcacHcx0AvWERLE,Heavy
1068,7hgtn706RqLE5q1mWe8aQx,Heavy
1069,69rXxY0Vbo9Z2BCYfKlWdF,Heavy
1070,2iQoaliksvoEBhldqjYPgL,Heavy
1071,203xxdlledLFnkqrUleD72,Heavy
1072,0dpFb4qv92TE9R00Lq4SAW,Heavy
1073,4DzJ41A6qR14hHtS1djvdX,Heavy
1074,4Y7eqYTpV7fQxpYj1isN2F,Heavy
1075,3X9TaoUaAgBCQ3G9DLCBOZ,Heavy
1076,1QixTwDZCcfBzA7QMyont0,Heavy
1077,671W1lZGS9LcyzkMCRK3ve,Heavy
1078,3LmcjJ7e4tlRqwYs2VNRq0,Heavy
1079,0dDs144SVansAFynvKYQMW,Heavy
1080,7JP8lWYrxpA8luKU8IPd3Y,Heavy
1081,1iv0Expr4TzDnx62w60oqN,Heavy
1082,15qtJGXETtDOflM2Rvod4U,Heavy
1083,2zSb2Db4kNYH5qIs5V3BgG,Heavy
1084,5oQHPf5TmzfR55syUrSIeR,Heavy
1085,2NVntSbt0SCX7FZI6dmdQv,Heavy
1086,0ncGg1FsXkT3VDEjC229IU,Heavy
1087,75roxXAbp0Bi2clZghkjAy,Heavy
1088,6WNd1QQFviipmakDqWQbrp,Heavy
1089,1hihjb5dQTw4otuRxQy5cj,Heavy
1090,7BBSSVDxCwfZKbb8a1IlTB,Heavy
1091,2XXXvrIkEBtR3LlbfJExpJ,Heavy
1092,54fPJ9UDx68KkayeuskyAJ,Heavy
1093,6lF3rwnMFBlbZeCWwZTWoS,Heavy
1094,2PlPpcspUIj23Jh1chR46K,Heavy
1095,6V65rowmWJM1QeAM4Nk4BG,Heavy
1096,1f9GowTtuwSkdJfKBk3VeU,Heavy
1097,6DTbne2r9AyM2rNFTEUZvF,Heavy
1098,6FCnWu5zcWDoeScwYayLv6,Heavy
1099,0pCmQxPKjj9roW9HJcgmYL,Heavy
1100,1tpidJ4FBn9TwshePh1bc3,Metalcore
1101,73QoCfWJJWbRYmm5nCH5Y2,Metalcore
1102,3t5GlWUzGSt2lPuiSEPBFG,Metalcore
1103,7I50EtrBjzjZmHwLj7BeFl,Metalcore
1104,2tWhiQJQSTa5WE3eiByOf1,Metalcore
1105,2OYtcqflvzQwh3cMPmTHs4,Metalcore
1106,1idBs3bAs5duBPIwIuFOuN,Metalcore
1107,65VHUZPZKgaG4SJVRkBPzn,Metalcore
1108,7jJ5zfsqNO1o85PlepGLxm,Metalcore
1109,1rBiNR61IhvbzeKwfs3AwE,Metalcore
1110,3huUzljK6ZcZ22XUvubeC0,Metalcore
1111,04NfX1qK7HBIzejYQhj6qn,Metalcore
1112,27g7prKPpfUtaPOBjO1hQ1,Metalcore
1113,1jKH10ufuA4EzUCdobVxu0,Metalcore
1114,3IXBQaQJ5ljpWwndAVvixg,Metalcore
1115,0jrOt6XnOTeZOd56U16Bfp,Metalcore
1116,7cMIJjvNrSxkLBoo7SnAvw,Metalcore
1117,1iF43TRxhGRq1ZUCnHrjXr,Metalcore
1118,1kTWMMX7LjK8a2GnpKVRlM,Metalcore
1119,7Csk3CTefKI9mEZvwNCjNX,Metalcore
1120,7Ds5R4lrpWAtVGAspvd5lE,Metalcore
1121,1PVD8pnxk9bRaiBnGTJRA1,Metalcore
1122,6sSxQwz5SBYSLfiyRKWSkC,Metalcore
1123,4OfKo7WsPOqueL2V2YmK7c,Metalcore
1124,3uhvjTmAuHRlpgEAfj6SGY,Metalcore
1125,5dXZHtpvqrdJl4bhHHsDty,Metalcore
1126,5dxYpCEtdy4koK4ziTRqma,Metalcore
1127,5Pk2Fy0i0BuzfGaCFpB9DB,Metalcore
1128,3lwxrFRSKVNDkACdsYkl5M,Metalcore
1129,00NMFm5GBfE64F6LyCIXNT,Metalcore
1130,704Eo3Eekkgmi99DXUbYXn,Metalcore
1131,1UO0CiVigVTt3PFAKzlKfw,Metalcore
1132,4WLnFkOz45jnsDmrFopEIM,Metalcore
1133,1iv0Expr4TzDnx62w60oqN,Metalcore
1134,3uvVPu3tNJsAdH2ZzwflRz,Metalcore
1135,6R2iQXWS7CfK2TPjtlfI0c,Metalcore
1136,4b3FN7tBCRrkLcbN5ae4v9,Metalcore
1137,1e9YEwhvmlAxhdDj7hcLIx,Metalcore
1138,0S7aPnRsDKpvuKOt91iNdq,Metalcore
1139,1QCj1poCyvcNUkMV5hu4Ad,Metalcore
1140,6BuRHBZMDfvvp87RCvc1fA,Metalcore
1141,6LJCYaK4xE3WAGjEs547Yr,Metalcore
1142,5PRPMGAiQXEQL5frHaJneT,Metalcore
1143,7F2x6DJvZvXmTSM8YWg5lF,Metalcore
1144,3qvwWDx9xOH4PmPaTXOj0d,Metalcore
1145,0hCNHNnXTpUXsTpi7C8RsC,Metalcore
1146,3Z6ReZyj8uKeiGUYf0JElU,Metalcore
1147,60QCZRnLWQVvFBCzLY2dvR,Metalcore
1148,2jv1ovpDpTJEPIlth5Wn07,Metalcore
1149,0rcJX1gJdAAm7vnqY1H7O2,Metalcore
1150,1BgqoOYdf6eQfznp9o4tmE,Metalcore
1151,1O3LoiZkCtRgW3AWJ5z7fp,Metalcore
1152,652PlanA5w5iJxTr04Za8U,Metalcore
1153,31RcxIY2Wiwd1U0dOZR2Mr,Metalcore
1154,2iVoelOzPLaw3R7GcpBuVe,Metalcore
1155,2i3N4t7Ke0ZGfckg5EieqL,Metalcore
1156,069KZZROmbuGFuZ0B0Qc7A,Metalcore
1157,3F8Bjx90CZMEWADfHSImPN,Metalcore
1158,1OitN2wVDX65Ypmylq6cmp,Metalcore
1159,7qAYv0vSlnaa5vknIChwcz,Metalcore
1160,1iujWexZauOlEulLxjEzKm,Metalcore
1161,0jfGdeggNXcgvLIv1nHp8j,Metalcore
1162,3ziTknZahiwT3RTAlwN5a1,Metalcore
1163,7sdGjtqEsJ7qYJAbztYdWi,Metalcore
1164,38yKm4HLvDFhg5NK20bFV1,Metalcore
1165,3hGaEXlWUmiHEHFut99e5Z,Metalcore
1166,7LpzmSVLxX9N2le4in8mGN,Metalcore
1167,7j8rM6qmKanhiaogz5EG1Y,Metalcore
1168,1MHCrrThxRZaWLNDo7bEjC,Metalcore
1169,4iiH3Alazik7bOhJYDcYsK,Metalcore
1170,6UxqRS5vDYkFDScGdBX5IO,Metalcore
1171,4tOCjcTo8c4wH5krCVgwsw,Metalcore
1172,1rBaSK2Fg4vyCUlopWSB5i,Metalcore
1173,1uX9dEAb6lIuAgndCYZcQl,Metalcore
1174,6WU2sHLqU13QUzwV9m6iGB,Metalcore
1175,6Eswy1mOFIbBOsFrmDoxVE,Metalcore
1176,4kd9emKGtrL5QvhKMBmYrD,Metalcore
1177,25KiribVBkk4wGgl4BLs6K,Metalcore
1178,5VoE2F0vCeXVmEo4soLavh,Metalcore
1179,2zIh2Co85pom5yJ51yvMbO,Metalcore
1180,5ZvS9lr8NRA2Uj9AQEXQ4O,Metalcore
1181,63dgFqper9Sv4cnWXouzHf,Metalcore
1182,5xwaAOxRDRyNMWsBRum6UK,Metalcore
1183,3mHsl2Dkk5fn62K55yW2ao,Metalcore
1184,1xqt7wT0YY9YpP9jrTuVgG,Metalcore
1185,56x8vgcLcbsnfVTcxuNCK7,Metalcore
1186,2XsztotxStcCiqwKEuOWyE,Metalcore
1187,4fXGTlfKRv5v4QBr3ynAFP,Metalcore
1188,3ws26a6G2rYjtAD5fK9ObC,Metalcore
1189,2KrGH8pKA2wFXEJM8HetDH,Metalcore
1190,3iL042KGHm1rbvtczHOfXQ,Metalcore
1191,1TK3lggm7HZ00nQp01uUTu,Metalcore
1192,7tIc67JrRCNochXI1fH22l,Metalcore
1193,02Lea2WjPTjuL4TGw6t1QY,Metalcore
1194,36sawGMYzK5ZMcW0mNtuFr,Metalcore
1195,0ohSJgHGItbcNmirqBGdHM,Metalcore
1196,1SahhLAsfDwQnE83ga46Ak,Metalcore
1197,6MI4QzIiJIfIZcdTSlDXnq,Metalcore
1198,5qKd0ISYELSquDcuD0DDxf,Metalcore
1199,67IofcurxzjTsqgzhUatrZ,Metalcore
1200,7qvTHdpc9qu4TMPur5vs9w,Deathcore
1201,7j2zT5mu7wIUyq7HJCPijj,Deathcore
1202,5sPaOk8Q6EFX3PNuKOK100,Deathcore
1203,17C3vfkXmevzOczGcLJ7NC,Deathcore
1204,3rFbAAjM5kM37LyEH6yJrY,Deathcore
1205,3iaXEiuqBPNuh0SItbVbD2,Deathcore
1206,6Zcfzp2drJ5mcMnSvREWfh,Deathcore
1207,0Ewyx95NXgZ4DTq3XQbuVL,Deathcore
1208,2NwoUQqHPXEDE6BCqZMQps,Deathcore
1209,4VKiF4FG2YXqHF27ASOGTt,Deathcore
1210,0EIcJhSjPQq4JCCS6grxY6,Deathcore
1211,1nzblx5YPe68sIpQJxZIN5,Deathcore
1212,5PzNdC5rpwGLjCIfRm1rNf,Deathcore
1213,5p0j5WMP75KxdDg15n2fD3,Deathcore
1214,4aWlncfJx1g0BydP2Bbckx,Deathcore
1215,3JO6sxYCjteFZh5mIWVv7P,Deathcore
1216,0P8GNxqgiYt28FmXM4WaDw,Deathcore
1217,7iD8k17p6wCSjR2QqZhWAy,Deathcore
1218,431MyGAq8dC6jFQF66NmVR,Deathcore
1219,46VyY1xfCMSy5cHX1Z28Bn,Deathcore
1220,1M9EYubV3unLxSnmJA4UkP,Deathcore
1221,2WYUv7xwTrZOMtv0OwKf4c,Deathcore
1222,7JDX6nfQbStRcwoiqXHtsM,Deathcore
1223,372zUO4qStCpl7UaDqYDg2,Deathcore
1224,3uGcBhe0XXo6Ht3K5r1i8A,Deathcore
1225,3LnbjGgKQZDMxP4qMmJw1l,Deathcore
1226,1KMvhBo5I6swp5ejQ5Ztnm,Deathcore
1227,16sxskwwEwiTQIvc49RGgr,Deathcore
1228,2De4rIJVArOkpHFv7uVBqR,Deathcore
1229,5VWTpDnf4WA8IXUNrg0XUf,Deathcore
1230,4Epn2mOYhdhWjmdUGkclpq,Deathcore
1231,2R391KIppKd2eXgdSQl8mO,Deathcore
1232,3HabaUVzy5qF0Ln2qXmyBZ,Deathcore
1233,1z7i8fJOejnYhmv6DnToA2,Deathcore
1234,3WMh37oC702eLmtjhqbK2u,Deathcore
1235,5nL31VgM0HuTJVg5UEQw4B,Deathcore
1236,4NWXbXIAhgnXD0d5oOC71R,Deathcore
1237,07tofnqqOFzzQyQJBf0dHA,Deathcore
1238,1UUbGq65avgyn6chlPYGw4,Deathcore
1239,0TJKirtKDzmuF4tWjCCl9Y,Deathcore
1240,0V1N6ZKlhnBBj8Lcq3TGFd,Deathcore
1241,6XIGcq2wLalVykNPJ2ZyFG,Deathcore
1242,2jTyS4CFIVeUREzUcFE3Iy,Deathcore
1243,4YgULaVfiMwS1mpUjgN9Lg,Deathcore
1244,7pzGqiuN4Dk4ICS7GNNi2k,Deathcore
1245,2uL4QvfMeaZxxNHOVMAk7i,Deathcore
1246,1AeTGZkvTT29YkVtgW4QoO,Deathcore
1247,6LNkYLXlMggKA8KpmLkqoX,Deathcore
1248,4ts1cPUD9MeiOiggDIaMtR,Deathcore
1249,3c5Py8dUnNPWX3FgArkrnR,Deathcore
1250,2cxHZiprf0JRhDoNZZVWfa,Deathcore
1251,1EW0Q0bGNsycw656YxCG2a,Deathcore
1252,2MtEVaRdGKtX7xqSd9UHp2,Deathcore
1253,2fBnLlGiN1PgpnYGKXtAUX,Deathcore
1254,0sJfseai7BM11fZ4g3RXG4,Deathcore
1255,29C5VBiYsne9UnuwwrfxuK,Deathcore
1256,3v5y7IFYWKBkWBYqCuX6fk,Deathcore
1257,4L8YBVbtFEELWHdETxjCj0,Deathcore
1258,5iE2QQ3TdBhK28oW9dO9Sp,Deathcore
1259,0Jw67HYZrPXWxdRXABvXb0,Deathcore
1260,2JhR2hPCV0iotwk4fLFnJ8,Deathcore
1261,3dekvqPJ5pQ6yG8rnL2wgt,Deathcore
1262,1dqYtwxpy4VrejYW2DnMce,Deathcore
1263,0K3shFcc7nycNIRuHFP6oG,Deathcore
1264,7qE6uezNUABHj1oPuMOD76,Deathcore
1265,3yH0QHElYLlA2IPZUAnEUt,Deathcore
1266,38ENZ18bpretRdjRrnxHd1,Deathcore
1267,49PxlvmMVj51SbdqGy67Ir,Deathcore
1268,6auE1tUbUijOXWk3BUKa7z,Deathcore
1269,3Uof7VksyigUCS2G9jAIy0,Deathcore
1270,4YKeNoEIxFEGNbHwexedzn,Deathcore
1271,2EC0Y367N6oH2e19LFCJ1w,Deathcore
1272,37AhmRQuv7LdqnpB2cSiPD,Deathcore
1273,2dlWUUAn46fuSu9UtSjNxY,Deathcore
1274,5PmY3EJpNXmQe6aH0QnAvC,Deathcore
1275,7o67s7ri1qEorx6L2qj7wp,Deathcore
1276,2ng4WRVmeJiLhOPYH7n0Ha,Deathcore
1277,2jtfjZ5XDEHU47r1WnsaJX,Deathcore
1278,1rf53frmwJ2ry124sj9TnP,Deathcore
1279,0Fz2Woy9ceD4Emmwa5VoTj,Deathcore
1280,5GKSbrKFN39Wx8P4QtwvY0,Deathcore
1281,1JgwMrFtaibDJkK0eEdiza,Deathcore
1282,0Fj0rlwmCaHAKXUytmuy3P,Deathcore
1283,41jdj7CMlp8kvimMFC8ilN,Deathcore
1284,3rqRTWePgB1gx3yzAi2SNq,Deathcore
1285,7uCN8kNP2RJ61Oc0hZeopM,Deathcore
1286,0sTHzdlk1RUknWiNv5Crgm,Deathcore
1287,0xMbT0Hv1xZA94SXYd0y0W,Deathcore
1288,04rCGKSiPqkh5dCHKiqBwJ,Deathcore
1289,6PbNnlaJyV1hKSwhYWTHQT,Deathcore
1290,6gU4spEFrxF0nPhfTj3sRa,Deathcore
1291,1e3qxoRXSJGovgRi2gwKAZ,Deathcore
1292,2jFXUMJmWTaZ5oO9DLdNND,Deathcore
1293,3W44AftcZMsPP3vFEHEPAQ,Deathcore
1294,1M8st47jw8B8eS0vcJUHif,Deathcore
1295,1gS6L5ZEx4ss0rOcQXRmhk,Deathcore
1296,0gim1s3qIUTXdYLnQj2IWl,Deathcore
1297,7vlvxop48NauFd38ovlXsw,Deathcore
1298,447C5jUkNZul5e5CJhmFQf,Deathcore
1299,6rgkSrcLReix2l1bSgmG5s,Deathcore
1300,1JLn8RhQzHz3qDqsChcmBl,Power
1301,7wuJGgpTNzbUyn26IOY6rj,Power
1302,3X7uFMzJrEE0sxn62qd8Ch,Power
1303,0odIT9B9BvOCnXfS0e4lB5,Power
1304,7o9uu2GDtVDr9nsR7ZRN73,Power
1305,3ovjw5HZZv43SxTwApooCM,Power
1306,4ByEFOBuLXpCqvO1kw8Wdm,Power
1307,7Ewz6bJ97vUqk5HdkvguFQ,Power
1308,2HHtWyy5CgaQbC7XSoOb0e,Power
1309,31H6au3jhblhr6MMJiXnCq,Power
1310,5tVA6TkbaAH9QMITTQRrNv,Power
1311,63CHa6rmamv9OsehkRD8oz,Power
1312,4LFwNJWoj74Yd71fIr1W8x,Power
1313,4gvea7UlDkAvsJBPZAd4oB,Power
1314,54b8qPFqYqIndfdxiLApea,Power
1315,6OnfBiiSc9RGKiBKKtZXgQ,Power
1316,0X1sqQ652p1sceKM2nJlIJ,Power
1317,2OgVsp77En2nju8pnCieVU,Power
1318,4rcHWl68ai6KvpXlc8vbnE,Power
1319,7dQC53NiYOY9gKg3Qsu2Bs,Power
1320,5WwqdeavrQrbeAMDxGawse,Power
1321,1eyq8cjUQ2daFthW2PC2GM,Power
1322,1KU5EHSz04JhGg3rReGJ0N,Power
1323,6mYrhCAGWzTdF8QnKuchXM,Power
1324,01MXkFA8sL7at6txavDErt,Power
1325,5XcZRgJv3zMhTqCyESjQrF,Power
1326,5fnOrhQ4KgT5irGCjIccGH,Power
1327,4V9BTST4BSkvOL4xIQNHuS,Power
1328,05fHQeRbCSjKVS6z0WbQKJ,Power
1329,29wJiSQcze8HEmxkUQykyp,Power
1330,2F1fnE1a8zQCogM6jJifHH,Power
1331,6V50MyHPGhEmwYu0Wdyf0t,Power
1332,0l5TpsCL1ObiTEsHeWA0by,Power
1333,50XXRUFNjs85P0MjCZ1c9X,Power
1334,7BdXRaSlGAzhySfuW3y8h5,Power
1335,665Jxlgi1HamPKbW1vwzx4,Power
1336,5gys5nzVQIYhgHIfiOJYva,Power
1337,0lIoY4ZQsdn5QzhraM9o9u,Power
1338,3wfujdbamR3Z46F4xav7LM,Power
1339,0TaT50ZZxT4ytZxuqkE3A9,Power
1340,4AfsbRvvuN7nEHAhONdeEp,Power
1341,2x5IXUFOcvvBUtEpnCBNlp,Power
1342,22wWxHGHRH8gZXNDXRgSqY,Power
1343,3qE6p9fN4YeILT0cQcY1cD,Power
1344,721DwsHOeKf7zHRABCR2rh,Power
1345,5W7YROOF6bFfBexY81LFjt,Power
1346,58DXqHKK7TfxUmhCq2ux4E,Power
1347,1lZeAoeRbCSKRyqx1PBvT6,Power
1348,0tKjVEJlX3IZ5L1rEJc5hh,Power
1349,3kfXUGIdBNpyr2gBvU3Guj,Power
1350,5nN1jGnCadYk1jYm6oV5zN,Power
1351,3J0AoQhAufniMrznCRJASD,Power
1352,2dEgwtRjYl6TJkIwjRwn6z,Power
1353,78FzQfooQzB43sGzlpI2At,Power
1354,5qaSekPPKHIEA1Yn0qkCaC,Power
1355,1tQ5TSr1tyeQUbHKBee0jv,Power
1356,31HhcRSNcS8Rgv9ldIfh66,Power
1357,2iXH35MhsqO5Ry8a7iptpJ,Power
1358,7cm9QkrwSWH0scegcO8XZ2,Power
1359,5BXj1QDRU77J1ngVavG1tI,Power
1360,5Fmwhqt1zOi0uPYa1nl72k,Power
1361,2rxePraWVAXyZRHVW1ICss,Power
1362,40hIuxoe1aHcfnjOjl6Tkj,Power
1363,41CUuaX52fZjRzzCK0rkkh,Power
1364,1FQ0ecMZMI3ArhcJQPROFP,Power
1365,5JCvREb63FVs0eRlqMwFAh,Power
1366,5uogMVrrsisSarR4RO4E7K,Power
1367,5yCGnTXgXyw64AnSq6yJaY,Power
1368,5Vrg9e0n0gIQGBs9xj3SUk,Power
1369,0X1nw5dUwNnOzZnLHidhqb,Power
1370,3FnP3j1TyiTwbJb5AR2ynT,Power
1371,1pKubpcbRCOLY4wbvSDqzt,Power
1372,71LQeNIJcnZeOSYgz4reoF,Power
1373,71D2G19A2i5BYgTC31p23j,Power
1374,47dQW3aoQ4Yx9s4vc64Vak,Power
1375,4OB7tustfrjW5381cBYvnS,Power
1376,70hkUdHxJi9ILUwEDG1eNL,Power
1377,2l56xmteGTpMoQBMYCH5xC,Power
1378,6ENYcMrsGwKL3ADcxZAAHB,Power
1379,4gvWy7Urn1gfWKFlrJX1QK,Power
1380,7esq59nAwrcf6qTXWVEfS0,Power
1381,7pdJaQzoXj3DusatwJwoEJ,Power
1382,0ziZ9FwEEKMoLWHM7IiQna,Power
1383,59lg9vnbdX1vdSUXlBF4sb,Power
1384,4bHsxqR3GMrXTxEPLuK5ue,Power
1385,5JvsxPAHsGxwNq4xto2HtM,Power
1386,3MO153Z7NmcJ6VxNFTIknN,Power
1387,4wYqPn3Kg3vZrkVgW2oqAG,Power
1388,2oWMI54r0qT4N8Xb4C76vq,Power
1389,2w4EpqGasrz9qdTwocx54t,Power
1390,3Bzh1AtiViTIaZV6yqySZH,Power
1391,4YBIuDWPsVy9pXLCUBORZN,Power
1392,6i8ecOsx4J2Px1maiqzqoG,Power
1393,0iVXKGnD23wIulXZRit20N,Power
1394,7JuUxcg1Xci0xHAVzZIjdG,Power
1395,0bU7OwkG8DDSxf7JBh37r1,Power
1396,1vHOSk3plTHMeT2XrY5ZbZ,Power
1397,0n5HPK2U6ygTg0KTbBfrDA,Power
1398,7pJLv39T2zogTmKRJbx2lf,Power
1399,5uw9UIOXj6R8pOwXte8F5h,Power
1400,4E6wpXABj8XosZEPXZz2OK,Progressive
1401,6iQDmWrbrMQ0vPfbKqqvKU,Progressive
1402,2MuPNWG7PIUQccZljWGx6W,Progressive
1403,3EC4B8QG0trMZFHBbiDKVN,Progressive
1404,5wTfzzRW8ddRdgW2kASbox,Progressive
1405,0LeK6Ol47og0WdGwKegNUL,Progressive
1406,4kd9emKGtrL5QvhKMBmYrD,Progressive
1407,2JjDl1YbzaBKlhSrUXZqNM,Progressive
1408,6jjx1KvWK4OAzD0JimzHiY,Progressive
1409,03jUMnAF30sYJ2EsPB2JtG,Progressive
1410,4gSokjaAfP1W9NTfkolzdJ,Progressive
1411,5mkuAmQFK8QxgH1FVlJhAF,Progressive
1412,3LeOJGqZ62QPSvWueSeL7Q,Progressive
1413,62oMXLTGaewaJ93gQVyZ4Y,Progressive
1414,3oelMc06qyF7tuA55tPnJQ,Progressive
1415,0FB5RGj1qwh4x8grFbiYDn,Progressive
1416,6X0kZUNcqKYvYBwxXpU417,Progressive
1417,4hLvUbH5dkCByoNFsM02Js,Progressive
1418,5hT9plaY8kgBZSmCUpfV47,Progressive
1419,7w3AcH1IPIjZqjgixLgiEO,Progressive
1420,1AxTJaBxuMzdXFhRHQfUMz,Progressive
1421,1WGC4W2dBxxxvH97h9qCP1,Progressive
1422,3IVu0dKuUqI8flWKrcfcU0,Progressive
1423,2P3OwLmz095p0PIMwkrQOh,Progressive
1424,5IqvKkwIqeqc2s8DF0avei,Progressive
1425,2vDnLjOWF85p72c1t40oe5,Progressive
1426,7Giyxds8jh7TVluP93eC5C,Progressive
1427,16nbE9hcJZ8OIYxmtAFOio,Progressive
1428,0PZrUz3FLIkW8j7GaFbYBO,Progressive
1429,6h4opbGz6a2CKw00Syr91I,Progressive
1430,6dfiHpYb2ciw2urKenpdyC,Progressive
1431,6qpV9y4hLYXoM0MEWwf0rR,Progressive
1432,4g74CSDNPepcXXWyJ53wry,Progressive
1433,56k68f1Csqmfx9vRXi9Jsl,Progressive
1434,6XyB7AnLpgZaQYea4vRPdC,Progressive
1435,0pfbHUS1He5Mjt0EmP8Mrl,Progressive
1436,5EfUPk5w7hMuiYd5Aqr9eo,Progressive
1437,5x71gpk1LZjD92Vh5wwR97,Progressive
1438,1y2H49mWggsh4DLiGDqwZq,Progressive
1439,4kqYSyIRLk3rxgke3cWflX,Progressive
1440,5vAJ34CDAMijpywxBxyupZ,Progressive
1441,1l3sMzBRc8dgpKzj2wm368,Progressive
1442,5fQ53YX1adoTkNWuFeoGVu,Progressive
1443,06Vnpa8wqFpQFJaRAA4oVC,Progressive
1444,39TLRxXsT5Ar1vM0q7JZS2,Progressive
1445,2vw9pwB7AWwDENAmq1zBlV,Progressive
1446,2nnKS05n7NKy9MyVecmuu8,Progressive
1447,0twqNLMlaIECkRAK5leXQf,Progressive
1448,15ux2HWFlZnYoENzJYnzV2,Progressive
1449,75vZMlMCz2GUmfPtaDNAA2,Progressive
1450,3eD7Z4qOcBitNcL5WRfTJR,Progressive
1451,5lF73HA0eQYUBg8DyPESXJ,Progressive
1452,6i8TDqnHN7GF9uU3LJCklq,Progressive
1453,5Y6WHnoBdimQ9Gm3P1jxig,Progressive
1454,2qhY2pFt7XGKOeji6VpQZb,Progressive
1455,3rJD4jqjvYUgM6F0LVSMWG,Progressive
1456,38xswHmNWqoAFznp81djgj,Progressive
1457,6ig9kBoTHXEbVhePqzhngW,Progressive
1458,3G5oOfICsWYVeONbtB7vRJ,Progressive
1459,1x3D10RwWsAbJaohK2XeRX,Progressive
1460,6Km6XsyXdOsRhu0tj1Jj6x,Progressive
1461,63lzuPkE4FkPW7SPyDolSi,Progressive
1462,2bdvS1A5vGy90aOpjCHFux,Progressive
1463,14hM03ZVjzGqiHAo4TMrak,Progressive
1464,1C8xKYntDnAzvzwcSLnU7W,Progressive
1465,6I1HQ1fAggIDm17CXJo6aq,Progressive
1466,6JQlRaRd38T5DhUaDnR5yG,Progressive
1467,7wiVnVgNhPICJsAIf8O00A,Progressive
1468,30a1OAy25aiX9vdYxy42om,Progressive
1469,0fwXQnRGqcE8aCravPClDo,Progressive
1470,7yGR564nb0jMzLHQbC1ZwB,Progressive
1471,2PmUzUUq57pfjCloz7U4IS,Progressive
1472,62duewknNqt9fZhBoYAanE,Progressive
1473,2MGmRnEMvhnmXOwXZow44X,Progressive
1474,47QynH6AAUDiwxzQ8tnHcP,Progressive
1475,3DwKUwbM2bAoFSWvA70vPP,Progressive
1476,3G6HSTP5Y63jis4xaOCmNT,Progressive
1477,09STcjQLFcCE7TzjBmIXML,Progressive
1478,0PiPRzKn2U2qskZZxHox2f,Progressive
1479,5ITT2UsqV9R5jRnpUYebcA,Progressive
1480,4O5eORcT2dZTZ5RWJcELzJ,Progressive
1481,2LEXNkVRuDfroBJRQ1zitM,Progressive
1482,4M2fSEcYoPxaOgL5v77ZpP,Progressive
1483,5dIfFSUtKg2QOHf32iHyUh,Progressive
1484,39XqmCHbfbKTXGx2pqc1s2,Progressive
1485,0vEmEnc9S2E402BbWrfI1u,Progressive
1486,3fC5DH3Pu3DzCHlgtBUZVd,Progressive
1487,12f0f3XqpyPb4O8bdtDn3E,Progressive
1488,6FDLIsQnjDx5KvI2586BAh,Progressive
1489,3sRWzDsE5oZ0IKpJwpzpqn,Progressive
1490,57mFAT7bXcqM5ydcdMDSVX,Progressive
1491,6uwZSC0XTaSw6wTrcJFQbs,Progressive
1492,0kTRSk5aNTJdmQdW0ovvkc,Progressive
1493,0UyTtFzEmWbirYnQz5zYYH,Progressive
1494,6pgdUH7dRJlH5ITa1YeAem,Progressive
1495,7Iogi1NuInEAxMBOreCB3b,Progressive
1496,72VhOwh87q8c5RBoI10q73,Progressive
1497,657pCrjmICGxzsMU8zPnAj,Progressive
1498,3qPDkJVT3nTadE0DowU2w5,Progressive
1499,3UQ50Qs4qt4dZD978hpLbY,Progressive
1500,1JLn8RhQzHz3qDqsChcmBl,Speed
1501,7wuJGgpTNzbUyn26IOY6rj,Speed
1502,3X7uFMzJrEE0sxn62qd8Ch,Speed
1503,0odIT9B9BvOCnXfS0e4lB5,Speed
1504,7o9uu2GDtVDr9nsR7ZRN73,Speed
1505,3ovjw5HZZv43SxTwApooCM,Speed
1506,4ByEFOBuLXpCqvO1kw8Wdm,Speed
1507,7Ewz6bJ97vUqk5HdkvguFQ,Speed
1508,2HHtWyy5CgaQbC7XSoOb0e,Speed
1509,31H6au3jhblhr6MMJiXnCq,Speed
1510,5tVA6TkbaAH9QMITTQRrNv,Speed
1511,63CHa6rmamv9OsehkRD8oz,Speed
1512,4LFwNJWoj74Yd71fIr1W8x,Speed
1513,4gvea7UlDkAvsJBPZAd4oB,Speed
1514,54b8qPFqYqIndfdxiLApea,Speed
1515,6OnfBiiSc9RGKiBKKtZXgQ,Speed
1516,0X1sqQ652p1sceKM2nJlIJ,Speed
1517,2OgVsp77En2nju8pnCieVU,Speed
1518,4rcHWl68ai6KvpXlc8vbnE,Speed
1519,7dQC53NiYOY9gKg3Qsu2Bs,Speed
1520,5WwqdeavrQrbeAMDxGawse,Speed
1521,1eyq8cjUQ2daFthW2PC2GM,Speed
1522,1KU5EHSz04JhGg3rReGJ0N,Speed
1523,6mYrhCAGWzTdF8QnKuchXM,Speed
1524,01MXkFA8sL7at6txavDErt,Speed
1525,5XcZRgJv3zMhTqCyESjQrF,Speed
1526,5fnOrhQ4KgT5irGCjIccGH,Speed
1527,4V9BTST4BSkvOL4xIQNHuS,Speed
1528,05fHQeRbCSjKVS6z0WbQKJ,Speed
1529,29wJiSQcze8HEmxkUQykyp,Speed
1530,2F1fnE1a8zQCogM6jJifHH,Speed
1531,6V50MyHPGhEmwYu0Wdyf0t,Speed
1532,0l5TpsCL1ObiTEsHeWA0by,Speed
1533,50XXRUFNjs85P0MjCZ1c9X,Speed
1534,7BdXRaSlGAzhySfuW3y8h5,Speed
1535,665Jxlgi1HamPKbW1vwzx4,Speed
1536,5gys5nzVQIYhgHIfiOJYva,Speed
1537,0lIoY4ZQsdn5QzhraM9o9u,Speed
1538,3wfujdbamR3Z46F4xav7LM,Speed
1539,0TaT50ZZxT4ytZxuqkE3A9,Speed
1540,4AfsbRvvuN7nEHAhONdeEp,Speed
1541,2x5IXUFOcvvBUtEpnCBNlp,Speed
1542,22wWxHGHRH8gZXNDXRgSqY,Speed
1543,3qE6p9fN4YeILT0cQcY1cD,Speed
1544,721DwsHOeKf7zHRABCR2rh,Speed
1545,5W7YROOF6bFfBexY81LFjt,Speed
1546,58DXqHKK7TfxUmhCq2ux4E,Speed
1547,1lZeAoeRbCSKRyqx1PBvT6,Speed
1548,0tKjVEJlX3IZ5L1rEJc5hh,Speed
1549,3kfXUGIdBNpyr2gBvU3Guj,Speed
1550,5nN1jGnCadYk1jYm6oV5zN,Speed
1551,3J0AoQhAufniMrznCRJASD,Speed
1552,2dEgwtRjYl6TJkIwjRwn6z,Speed
1553,78FzQfooQzB43sGzlpI2At,Speed
1554,5qaSekPPKHIEA1Yn0qkCaC,Speed
1555,1tQ5TSr1tyeQUbHKBee0jv,Speed
1556,31HhcRSNcS8Rgv9ldIfh66,Speed
1557,2iXH35MhsqO5Ry8a7iptpJ,Speed
1558,7cm9QkrwSWH0scegcO8XZ2,Speed
1559,5BXj1QDRU77J1ngVavG1tI,Speed
1560,5Fmwhqt1zOi0uPYa1nl72k,Speed
1561,2rxePraWVAXyZRHVW1ICss,Speed
1562,40hIuxoe1aHcfnjOjl6Tkj,Speed
1563,41CUuaX52fZjRzzCK0rkkh,Speed
1564,1FQ0ecMZMI3ArhcJQPROFP,Speed
1565,5JCvREb63FVs0eRlqMwFAh,Speed
1566,5uogMVrrsisSarR4RO4E7K,Speed
1567,5yCGnTXgXyw64AnSq6yJaY,Speed
1568,5Vrg9e0n0gIQGBs9xj3SUk,Speed
1569,0X1nw5dUwNnOzZnLHidhqb,Speed
1570,3FnP3j1TyiTwbJb5AR2ynT,Speed
1571,1pKubpcbRCOLY4wbvSDqzt,Speed
1572,71LQeNIJcnZeOSYgz4reoF,Speed
1573,71D2G19A2i5BYgTC31p23j,Speed
1574,47dQW3aoQ4Yx9s4vc64Vak,Speed
1575,4OB7tustfrjW5381cBYvnS,Speed
1576,70hkUdHxJi9ILUwEDG1eNL,Speed
1577,2l56xmteGTpMoQBMYCH5xC,Speed
1578,6ENYcMrsGwKL3ADcxZAAHB,Speed
1579,4gvWy7Urn1gfWKFlrJX1QK,Speed
1580,7esq59nAwrcf6qTXWVEfS0,Speed
1581,7pdJaQzoXj3DusatwJwoEJ,Speed
1582,0ziZ9FwEEKMoLWHM7IiQna,Speed
1583,59lg9vnbdX1vdSUXlBF4sb,Speed
1584,4bHsxqR3GMrXTxEPLuK5ue,Speed
1585,5JvsxPAHsGxwNq4xto2HtM,Speed
1586,3MO153Z7NmcJ6VxNFTIknN,Speed
1587,4wYqPn3Kg3vZrkVgW2oqAG,Speed
1588,2oWMI54r0qT4N8Xb4C76vq,Speed
1589,2w4EpqGasrz9qdTwocx54t,Speed
1590,3Bzh1AtiViTIaZV6yqySZH,Speed
1591,4YBIuDWPsVy9pXLCUBORZN,Speed
1592,6i8ecOsx4J2Px1maiqzqoG,Speed
1593,0iVXKGnD23wIulXZRit20N,Speed
1594,7JuUxcg1Xci0xHAVzZIjdG,Speed
1595,0bU7OwkG8DDSxf7JBh37r1,Speed
1596,1vHOSk3plTHMeT2XrY5ZbZ,Speed
1597,0n5HPK2U6ygTg0KTbBfrDA,Speed
1598,7pJLv39T2zogTmKRJbx2lf,Speed
1599,5uw9UIOXj6R8pOwXte8F5h,Speed
1600,7cUHFTxJhxtZ5tpY34SMRw,Symphonic
1601,7stpbtJzoBx1D38egFeT29,Symphonic
1602,4UNYF5dLLQ9acbNxenGTpc,Symphonic
1603,3HtHib9t0FmC9sl1gsFobY,Symphonic
1604,29y2j3s6i528lBTSMP0wbE,Symphonic
1605,5BaDnS9olEIZSXZNdgraMs,Symphonic
1606,671W1lZGS9LcyzkMCRK3ve,Symphonic
1607,1INE4i2TuVEFHgj2Vtpz14,Symphonic
1608,627pEZNVSQ3iUyvOoxXVUw,Symphonic
1609,0KRMfSzkY5G4ORX2jJDX9E,Symphonic
1610,6WZImct4xSNP1EQuL2LI4z,Symphonic
1611,4Nid72rinAHNKndbm4DLKu,Symphonic
1612,1h98WxD3tsMfb4YlB2wBDS,Symphonic
1613,450nTCIFJLFG6M9bxDohJP,Symphonic
1614,4UGvNbuucQ1mCf3tiq7ZuQ,Symphonic
1615,62TCEZic6RfrMkC2jkJQ2S,Symphonic
1616,2cTj4pAJNev8vcJQCoGuQb,Symphonic
1617,0zbeLVcM8iUBiKq6GxoJU3,Symphonic
1618,6UtlekzNKTvFPuOtJvZjkK,Symphonic
1619,7HLmjUIFeeCxiJKASRqltT,Symphonic
1620,1GK39qL3zPowvvb0UpWGyQ,Symphonic
1621,5xro8nNwHvY070Dk8OGIG2,Symphonic
1622,2PlPpcspUIj23Jh1chR46K,Symphonic
1623,1cENvf4W2SC8HyZgjzXOzz,Symphonic
1624,128HMhWqF74Fxk3DB0jllv,Symphonic
1625,0jVsMpF6RFUECMzYoiYiW7,Symphonic
1626,3CQaHiwA4P14cdJuDzITLd,Symphonic
1627,7C9nqo62jehSZ1AVLxU4Jn,Symphonic
1628,0s9S861lgoFOi4vXG3wsab,Symphonic
1629,4q7tTzUdao2IOKTCz17ym0,Symphonic
1630,6dzyEj20geKV3Khh0nFqbR,Symphonic
1631,2h1nhjGCI0otQYmkp0f4gw,Symphonic
1632,0KHTwfaUiDHy4lATwLFwr4,Symphonic
1633,0dHrBbmoftbULEKvNawKSe,Symphonic
1634,6D1i1hoMyjs843XbMhNq8J,Symphonic
1635,4NE5lWvdpevNpziV5BUoOq,Symphonic
1636,1vAb78bGwENFZmf3T79ABo,Symphonic
1637,6dsKcPKE6PLr6PBRxeNPfi,Symphonic
1638,2zEAc2z7WvJnKT3i1Va4LQ,Symphonic
1639,6zF7mIV7Yx74FALTZh3UMZ,Symphonic
1640,0fNSEGMYMcJpQIcLpUq9FT,Symphonic
1641,5tZHAwrNbJEA0o7jK2nilG,Symphonic
1642,1CznPeF4zp76HqUmZk26dp,Symphonic
1643,7FBdViGNTaDNc2sl6MWGew,Symphonic
1644,5IqvKkwIqeqc2s8DF0avei,Symphonic
1645,1uUdfXGIcEC3O7SqboXGLp,Symphonic
1646,28R9RX7V1tQx91u1cSDlmz,Symphonic
1647,1bonbXXlT83xzDsyKIc0Am,Symphonic
1648,7GuZED83VYeWCoXJPysg7e,Symphonic
1649,2dZaznMM1CnsCcRprcYs5Z,Symphonic
1650,480rtuITvEdBj1TA76juXO,Symphonic
1651,0MztEEnX04bsg4On8jQ7WF,Symphonic
1652,3nRzfRi5pdXe2aA9rbE0S8,Symphonic
1653,3scNYs59MN2puKtlwnzq9Z,Symphonic
1654,140YrjpNRIohRgiUed4OIw,Symphonic
1655,6cgJhYBsmqtDLNEdQ7Wg4f,Symphonic
1656,6oQaYzijl3xEoX1a8P7Foz,Symphonic
1657,57X3y9aTt59bXdszZm1U8C,Symphonic
1658,5cEHYQPgYp3zfYP3BFzbJA,Symphonic
1659,6k6HxyqO3OgyVcydZZXmfI,Symphonic
1660,59Zt3ljewoHZ0A2J6qayNo,Symphonic
1661,5z2tpy6GLge3PpEWvYF1E7,Symphonic
1662,3DCpqTNoWQXuhY2PCGSXbs,Symphonic
1663,5jlu205NEMHwe3TcV0rmGn,Symphonic
1664,3kmcAMRPenmsQQscDK1sLO,Symphonic
1665,1BPFrXiyrInaCIWkuvVRny,Symphonic
1666,5vKHU3aMlAzujMK2LcKPf7,Symphonic
1667,6a4hIHS9wtWf2O0e8XgHGl,Symphonic
1668,7x1BkDkUOi6qHeptyZBOaE,Symphonic
1669,2o7Exjn3bLrKOYS7rsJXlr,Symphonic
1670,35NBugSe2B3myDG6iY2huT,Symphonic
1671,1FgRL0qBHeVu4iZnj3WP9r,Symphonic
1672,5cMNQ2LmvEBTUL0ZKdxtPl,Symphonic
1673,42yMBH3H2enXtdBJehyT8o,Symphonic
1674,4iTx8xQFl22MH82TTrw8NQ,Symphonic
1675,6wvS71j5iww95t0Wu07kJI,Symphonic
1676,1MmecgkGmAS0dpJtF0k4Is,Symphonic
1677,6k8Jiyv3d2s5kt8p1e95SA,Symphonic
1678,6oOZSrzBB2QTSRY3qoWaYy,Symphonic
1679,1DCcgFZYNC4DbeysRwBpjo,Symphonic
1680,1rS8aSBVuN23jol7N1yCPU,Symphonic
1681,25x7xXk5m6oCO1x67J0HRY,Symphonic
1682,0v2TBqAtyK8p6yDusBNVAZ,Symphonic
1683,4LNkBt5ErMrbXHeCPoDhzZ,Symphonic
1684,1g2eSCd9S2onJcfJxAcS71,Symphonic
1685,0KlYaNfi8G70HSLYWW7aci,Symphonic
1686,6lCVHF80Q4b3RWMkZWvENw,Symphonic
1687,4LyJfkFQTpMHRSj0rCBgdo,Symphonic
1688,7KyyCMD4fPZgJ0kKVuNAo3,Symphonic
1689,0VuiLKm86hsS2DLDM2UVia,Symphonic
1690,0H0g6Rk2E39yNF9ShYj9z0,Symphonic
1691,2sHZTVXbyiz38DIFZYgxdQ,Symphonic
1692,0mrHi6us5MaQNM34bHI5F7,Symphonic
1693,0hwFRdWtN7clcasZmZeBfe,Symphonic
1694,43qcGBcVT8wz2ntoS625vP,Symphonic
1695,28Npl9mDDanrITQV8NNe2A,Symphonic
1696,44gQ6qYCNVksivDoFwHnZ8,Symphonic
1697,3ZHU0h1DO2Tir7pQu889N5,Symphonic
1698,5vpn2RpYnBmNrsDmksRIJS,Symphonic
1699,4V5raAqQ0Emn6JCrcEIW9p,Symphonic
1700,0eZBeB2xFIS65jQHerispi,Thrash
1701,75awsh1kFsZePy3JmnXZuI,Thrash
1702,0lrrOTSB1vEOEphSG8CSsD,Thrash
1703,3ltS4rlFrCYkdQqGzVjXBi,Thrash
1704,3S5AYyv0RYxNbUotueY32I,Thrash
1705,4TTB4tbuXVKu8YGxZjkEMD,Thrash
1706,4NuH7uYGaSgikJFH8yYCwf,Thrash
1707,2fLXgNuhqugprkOOpAqRHs,Thrash
1708,4Nult2cXGix29M3kfV9BHX,Thrash
1709,0O7fXel2uzgJraKd1NBSVb,Thrash
1710,6yEJyrtu6ZLqFCJIXlo4dr,Thrash
1711,3Y1qY4wgpFJF6osS0DUSJc,Thrash
1712,3Y1qY4wgpFJF6osS0DUSJc,Thrash
1713,68Yjyyi8uZUZDFttjBmJGr,Thrash
1714,2shFsQSw0h1abkoK6zFF5w,Thrash
1715,4LINHMbBmU74hxAENodgh3,Thrash
1716,19Dd6vJr4eDucQ8UWqxBWP,Thrash
1717,6fUsOxCYFzAqwHC9GiNFRC,Thrash
1718,3v6ji8IE3AXlBeHK3vwJTc,Thrash
1719,7IVLMNg2pZfPLdHkGUy3PM,Thrash
1720,0XUBVMTYG5YFdbUstP34EC,Thrash
1721,1bR24TWIy7TIOPQC4w1ns8,Thrash
1722,0d76QXv2R4RIvWWb2y1MIu,Thrash
1723,3ePXttbAgBC6UL5xNkARKA,Thrash
1724,1fyiAT5OO8r4H7lcC866hO,Thrash
1725,7MlHlN93o9zazZuWuXAgHB,Thrash
1726,3tdOjVHicPM2O3l0Q1k6Sb,Thrash
1727,00H6ekxYhPEH6gpB7wQaaX,Thrash
1728,39Z1223ulKNoW9V2ZuOck6,Thrash
1729,53ysrx8kDn9tb056efq4ko,Thrash
1730,4FsL4hXcvukIa8kwzSb3P8,Thrash
1731,6h1808PTxEczEdQnR02CrS,Thrash
1732,1W7w66s4LGJ9ZkF46a5Qwl,Thrash
1733,5EJOPqV2rwocl69H71IBqq,Thrash
1734,75D3anbXFgj2l4PEqN1jI1,Thrash
1735,5JXP2QZE4VaYWVx7HiqYsV,Thrash
1736,6hMiHgG1T2vaFGp822yUps,Thrash
1737,0EG246wJ8cQnPmXcKLxPyX,Thrash
1738,1gZGzzxSGgWSDL0lS64b7F,Thrash
1739,1OXMmt1fhvBGg2ZdrjsMBO,Thrash
1740,5hOP6qZGKINOcbkUw4BGzQ,Thrash
1741,4RmBYrFwswxczKbqxgvcEf,Thrash
1742,2yJ444tBhQnCXL0tVNvFfN,Thrash
1743,3SX4LwFYIirCo33gwpZwi5,Thrash
1744,5b4C3yqKsYhBu2C3C0KI9K,Thrash
1745,2sRfHOK80ptAigW8uMwhoD,Thrash
1746,2ZBJtZhDtENorX8jEITrZ4,Thrash
1747,1u3JHk69r4V9cb7HkbTIXz,Thrash
1748,0AxU94r3ANF9P24LED1xxv,Thrash
1749,2wpIV4cbyqv1So46CKOGIx,Thrash
1750,0gTQvcULiklCvYmhmWMT15,Thrash
1751,1yEwISaXTmhsTQni5JZeCN,Thrash
1752,7yOEKoaV4q4ZYYvUAbrx2q,Thrash
1753,12Yf65NAkS60f1NJ5UHvw6,Thrash
1754,4NJTanZrzGdYkwbUqPsQQ0,Thrash
1755,6mAtV1MrrpaAFtcUgSj3q0,Thrash
1756,5gTXOBuaW7Q0qhgrIAXoKv,Thrash
1757,0qcrSfdOCWKqp5ZCECGodf,Thrash
1758,2HbiwTQvxfObVbvY4uELDN,Thrash
1759,0zbhtOb0DLGofscaXjKKER,Thrash
1760,4Jp6zaYbDGEhK0eV1byXNF,Thrash
1761,4hPPGPz078c9vxs4N8hyVA,Thrash
1762,4HlXei6k1PlAhMsZuNWrwQ,Thrash
1763,48iUr7K2jRxpNIDcSftKZY,Thrash
1764,4n6UcEo3ZJU50iN8NgzMjh,Thrash
1765,3GHbl5pwc3aM8q7BJApgr4,Thrash
1766,6quGyL2ybOsYq9TdCMq4Ap,Thrash
1767,1V8rMQKXGn32S1qM8QI1Zu,Thrash
1768,6moYNFe5UxPa0g251zPple,Thrash
1769,1Y9pdIHnWaEtDQE2VbP3t5,Thrash
1770,3NBNUlrNBBi7Cj38MphonB,Thrash
1771,4cgTwhoSHWwdylYsiByBNM,Thrash
1772,7w9e82qhjqwwOY4iE7EVDW,Thrash
1773,6OCosgkovT7QbtsokWLVHN,Thrash
1774,57qBcmlmVGGkrqT5V4fB6D,Thrash
1775,72nJw2RyyAONOEQqYfnehR,Thrash
1776,7s94rlPos6udEL6loOpPaT,Thrash
1777,4ub8fHdcoC4XNCClngQBAV,Thrash
1778,4UrFgWcA58RAsSDOYB06Da,Thrash
1779,4SBZyypJ3xTr32HVOHG9UF,Thrash
1780,4PupeVEkgYXu5x8kO9VAJD,Thrash
1781,4u6HeTWsmZnBdnN1YEZdHE,Thrash
1782,4sYyE9QZ7Ksn1tGzSSnpKo,Thrash
1783,42UHF5hxsotHqFFvK8bN8F,Thrash
1784,6APnbL6w4Ks85lrN4T5yzN,Thrash
1785,3KdsXbNOLK8UHYMRpqpU2b,Thrash
1786,29gIsOz8M1UBkEyDFfhaUB,Thrash
1787,1BehBSEUEm9aqpwqTdC7Le,Thrash
1788,6wThOecAUpCcY2E55RPtN8,Thrash
1789,03RRRsbmbGwc2pKtuwCnuT,Thrash
1790,5LyAWFAozDrsBuEwTkjLmD,Thrash
1791,41zAAQi3DkCSAJ3ryQrODF,Thrash
1792,0YxWNhkNfVF0PHDg3zOEEf,Thrash
1793,34qPymnNpMuXxTEMt0DiyF,Thrash
1794,6n7dW2r5blvwTF6pWeEVEH,Thrash
1795,5wG070wvoIaTEoXkljuy82,Thrash
1796,2yFfBYrAg8KDuUnZYLer1t,Thrash
1797,5GUjj7x3JB6qtu0gDJEnFV,Thrash
1798,65u5hhlALolLYwalWv7dCy,Thrash
1799,5nmqkH7GXdWpkWFobvfnZb,Thrash
